{
	"credit": "malditos putos hijo de puta Made with blockbench!!!!! mc.universocraft.com",
	"texture_size": [128, 128],
	"textures": {
		"0": "item/banate",
		"particle": "item/banate"
	},
	"elements": [
		{
			"from": [3, 3, -4],
			"to": [13, 4, 20],
			"faces": {
				"north": {"uv": [2.25, 7.25, 3.5, 7.375], "texture": "#0"},
				"east": {"uv": [7, 5.25, 10, 5.375], "texture": "#0"},
				"south": {"uv": [7, 7.25, 8.25, 7.375], "texture": "#0"},
				"west": {"uv": [7, 5.375, 10, 5.5], "texture": "#0"},
				"up": {"uv": [2.75, 6.5, 1.5, 3.5], "texture": "#0"},
				"down": {"uv": [4, 3.5, 2.75, 6.5], "texture": "#0"}
			}
		},
		{
			"from": [5, 3, 20],
			"to": [11, 4, 22],
			"faces": {
				"north": {"uv": [7.5, 4.5, 8.25, 4.625], "texture": "#0"},
				"east": {"uv": [2.75, 7.75, 3, 7.875], "texture": "#0"},
				"south": {"uv": [7.5, 4.625, 8.25, 4.75], "texture": "#0"},
				"west": {"uv": [3, 7.75, 3.25, 7.875], "texture": "#0"},
				"up": {"uv": [7.75, 7.25, 7, 7], "texture": "#0"},
				"down": {"uv": [5.75, 7.125, 5, 7.375], "texture": "#0"}
			}
		},
		{
			"from": [-6, 0, 19],
			"to": [-4, 3, 21],
			"rotation": {"angle": 45, "axis": "y", "origin": [0, 0, 0]},
			"faces": {
				"north": {"uv": [6, 7.5, 6.25, 7.875], "texture": "#0"},
				"east": {"uv": [7.5, 6, 7.75, 6.375], "texture": "#0"},
				"south": {"uv": [7.5, 6.375, 7.75, 6.75], "texture": "#0"},
				"west": {"uv": [7, 7.5, 7.25, 7.875], "texture": "#0"},
				"up": {"uv": [6, 7.375, 5.75, 7.125], "texture": "#0"},
				"down": {"uv": [6.25, 7.125, 6, 7.375], "texture": "#0"}
			}
		},
		{
			"from": [20, 0, 19],
			"to": [22, 3, 21],
			"rotation": {"angle": -45, "axis": "y", "origin": [16, 0, 0]},
			"faces": {
				"north": {"uv": [7.25, 7.5, 7.5, 7.875], "texture": "#0"},
				"east": {"uv": [7.5, 7.5, 7.75, 7.875], "texture": "#0"},
				"south": {"uv": [0, 7.625, 0.25, 8], "texture": "#0"},
				"west": {"uv": [0.25, 7.625, 0.5, 8], "texture": "#0"},
				"up": {"uv": [1, 7.5, 0.75, 7.25], "texture": "#0"},
				"down": {"uv": [1.25, 7.25, 1, 7.5], "texture": "#0"}
			}
		},
		{
			"from": [20, 0, -5],
			"to": [22, 3, -3],
			"rotation": {"angle": 45, "axis": "y", "origin": [16, 0, 16]},
			"faces": {
				"north": {"uv": [1.75, 7.625, 2, 8], "texture": "#0"},
				"east": {"uv": [2, 7.625, 2.25, 8], "texture": "#0"},
				"south": {"uv": [2.25, 7.625, 2.5, 8], "texture": "#0"},
				"west": {"uv": [2.5, 7.625, 2.75, 8], "texture": "#0"},
				"up": {"uv": [7.75, 5.25, 7.5, 5], "texture": "#0"},
				"down": {"uv": [7.75, 6.75, 7.5, 7], "texture": "#0"}
			}
		},
		{
			"from": [-6, 0, -5],
			"to": [-4, 3, -3],
			"rotation": {"angle": -45, "axis": "y", "origin": [0, 0, 16]},
			"faces": {
				"north": {"uv": [0.5, 7.625, 0.75, 8], "texture": "#0"},
				"east": {"uv": [0.75, 7.625, 1, 8], "texture": "#0"},
				"south": {"uv": [1, 7.625, 1.25, 8], "texture": "#0"},
				"west": {"uv": [1.5, 7.625, 1.75, 8], "texture": "#0"},
				"up": {"uv": [3.75, 7.5, 3.5, 7.25], "texture": "#0"},
				"down": {"uv": [4, 7.25, 3.75, 7.5], "texture": "#0"}
			}
		},
		{
			"from": [5, 3, -6],
			"to": [11, 4, -4],
			"faces": {
				"north": {"uv": [7.5, 4.75, 8.25, 4.875], "texture": "#0"},
				"east": {"uv": [3.25, 7.75, 3.5, 7.875], "texture": "#0"},
				"south": {"uv": [7.5, 4.875, 8.25, 5], "texture": "#0"},
				"west": {"uv": [3.5, 7.75, 3.75, 7.875], "texture": "#0"},
				"up": {"uv": [0.75, 7.5, 0, 7.25], "texture": "#0"},
				"down": {"uv": [2.25, 7.25, 1.5, 7.5], "texture": "#0"}
			}
		},
		{
			"from": [2, 4, -6],
			"to": [14, 11, 22],
			"faces": {
				"north": {"uv": [4, 5.25, 5.5, 6.125], "texture": "#0"},
				"east": {"uv": [4, 3.5, 7.5, 4.375], "texture": "#0"},
				"south": {"uv": [5.5, 5.25, 7, 6.125], "texture": "#0"},
				"west": {"uv": [4, 4.375, 7.5, 5.25], "texture": "#0"},
				"up": {"uv": [1.5, 3.5, 0, 0], "texture": "#0"},
				"down": {"uv": [3, 0, 1.5, 3.5], "texture": "#0"}
			}
		},
		{
			"from": [2, 11.05, -6],
			"to": [14, 11.05, 22],
			"faces": {
				"north": {"uv": [0, 0, 1.5, 0], "texture": "#0"},
				"east": {"uv": [0, 0, 3.5, 0], "texture": "#0"},
				"south": {"uv": [0, 0, 1.5, 0], "texture": "#0"},
				"west": {"uv": [0, 0, 3.5, 0], "texture": "#0"},
				"up": {"uv": [4.5, 3.5, 3, 0], "texture": "#0"},
				"down": {"uv": [1.5, 3.5, 0, 7], "texture": "#0"}
			}
		},
		{
			"from": [1, 11, -7],
			"to": [3, 12, 23],
			"faces": {
				"north": {"uv": [7.75, 5, 8, 5.125], "texture": "#0"},
				"east": {"uv": [4.5, 3, 8.25, 3.125], "texture": "#0"},
				"south": {"uv": [7.75, 5.125, 8, 5.25], "texture": "#0"},
				"west": {"uv": [4.5, 3.125, 8.25, 3.25], "texture": "#0"},
				"up": {"uv": [6.75, 9.875, 6.5, 6.125], "texture": "#0"},
				"down": {"uv": [7, 6.125, 6.75, 9.875], "texture": "#0"}
			}
		},
		{
			"from": [13, 11, -7],
			"to": [15, 12, 23],
			"faces": {
				"north": {"uv": [7.75, 6, 8, 6.125], "texture": "#0"},
				"east": {"uv": [4.5, 3.25, 8.25, 3.375], "texture": "#0"},
				"south": {"uv": [7.75, 6.125, 8, 6.25], "texture": "#0"},
				"west": {"uv": [4.5, 3.375, 8.25, 3.5], "texture": "#0"},
				"up": {"uv": [4.25, 10.625, 4, 6.875], "texture": "#0"},
				"down": {"uv": [4.5, 6.875, 4.25, 10.625], "texture": "#0"}
			}
		},
		{
			"from": [3, 11, -8],
			"to": [13, 12, -6],
			"faces": {
				"north": {"uv": [1.5, 7.5, 2.75, 7.625], "texture": "#0"},
				"east": {"uv": [7.75, 6.25, 8, 6.375], "texture": "#0"},
				"south": {"uv": [2.75, 7.5, 4, 7.625], "texture": "#0"},
				"west": {"uv": [7.75, 6.375, 8, 6.5], "texture": "#0"},
				"up": {"uv": [6.25, 7.125, 5, 6.875], "texture": "#0"},
				"down": {"uv": [1.25, 7, 0, 7.25], "texture": "#0"}
			}
		},
		{
			"from": [2, 11, -8],
			"to": [3, 12, -7],
			"faces": {
				"north": {"uv": [7.75, 7.75, 7.875, 7.875], "texture": "#0"},
				"east": {"uv": [7.875, 1.25, 8, 1.375], "texture": "#0"},
				"south": {"uv": [7.875, 1.375, 8, 1.5], "texture": "#0"},
				"west": {"uv": [7.875, 1.5, 8, 1.625], "texture": "#0"},
				"up": {"uv": [8, 1.75, 7.875, 1.625], "texture": "#0"},
				"down": {"uv": [8, 1.75, 7.875, 1.875], "texture": "#0"}
			}
		},
		{
			"from": [13, 11, -8],
			"to": [14, 12, -7],
			"faces": {
				"north": {"uv": [7.875, 1.875, 8, 2], "texture": "#0"},
				"east": {"uv": [7.875, 2.25, 8, 2.375], "texture": "#0"},
				"south": {"uv": [7.875, 2.375, 8, 2.5], "texture": "#0"},
				"west": {"uv": [7.875, 2.5, 8, 2.625], "texture": "#0"},
				"up": {"uv": [8, 2.75, 7.875, 2.625], "texture": "#0"},
				"down": {"uv": [2.875, 7.875, 2.75, 8], "texture": "#0"}
			}
		},
		{
			"from": [13, 11, 23],
			"to": [14, 12, 24],
			"faces": {
				"north": {"uv": [7.875, 2.75, 8, 2.875], "texture": "#0"},
				"east": {"uv": [2.875, 7.875, 3, 8], "texture": "#0"},
				"south": {"uv": [7.875, 2.875, 8, 3], "texture": "#0"},
				"west": {"uv": [3, 7.875, 3.125, 8], "texture": "#0"},
				"up": {"uv": [3.25, 8, 3.125, 7.875], "texture": "#0"},
				"down": {"uv": [3.375, 7.875, 3.25, 8], "texture": "#0"}
			}
		},
		{
			"from": [2, 11, 23],
			"to": [3, 12, 24],
			"faces": {
				"north": {"uv": [3.375, 7.875, 3.5, 8], "texture": "#0"},
				"east": {"uv": [3.5, 7.875, 3.625, 8], "texture": "#0"},
				"south": {"uv": [3.625, 7.875, 3.75, 8], "texture": "#0"},
				"west": {"uv": [7.875, 3.75, 8, 3.875], "texture": "#0"},
				"up": {"uv": [8, 4, 7.875, 3.875], "texture": "#0"},
				"down": {"uv": [8, 4, 7.875, 4.125], "texture": "#0"}
			}
		},
		{
			"from": [3, 11, 22],
			"to": [13, 12, 24],
			"faces": {
				"north": {"uv": [7.5, 3.5, 8.75, 3.625], "texture": "#0"},
				"east": {"uv": [7.75, 6.5, 8, 6.625], "texture": "#0"},
				"south": {"uv": [7.5, 3.625, 8.75, 3.75], "texture": "#0"},
				"west": {"uv": [7.75, 6.625, 8, 6.75], "texture": "#0"},
				"up": {"uv": [8.25, 5.75, 7, 5.5], "texture": "#0"},
				"down": {"uv": [8.25, 5.75, 7, 6], "texture": "#0"}
			}
		},
		{
			"from": [8, 12, 22],
			"to": [9, 29, 23],
			"faces": {
				"north": {"uv": [6.25, 6.875, 6.375, 9], "texture": "#0"},
				"east": {"uv": [6.375, 6.875, 6.5, 9], "texture": "#0"},
				"south": {"uv": [1.25, 7, 1.375, 9.125], "texture": "#0"},
				"west": {"uv": [1.375, 7, 1.5, 9.125], "texture": "#0"},
				"up": {"uv": [8, 4.25, 7.875, 4.125], "texture": "#0"},
				"down": {"uv": [8, 4.25, 7.875, 4.375], "texture": "#0"}
			}
		},
		{
			"from": [8, 29, 21],
			"to": [9, 30, 22],
			"faces": {
				"north": {"uv": [7.875, 4.375, 8, 4.5], "texture": "#0"},
				"east": {"uv": [6, 7.875, 6.125, 8], "texture": "#0"},
				"south": {"uv": [6.125, 7.875, 6.25, 8], "texture": "#0"},
				"west": {"uv": [7, 7.875, 7.125, 8], "texture": "#0"},
				"up": {"uv": [8, 7.125, 7.875, 7], "texture": "#0"},
				"down": {"uv": [7.25, 7.875, 7.125, 8], "texture": "#0"}
			}
		},
		{
			"from": [8, 29, 18],
			"to": [9, 30, 19],
			"faces": {
				"north": {"uv": [7.375, 7.875, 7.5, 8], "texture": "#0"},
				"east": {"uv": [7.5, 7.875, 7.625, 8], "texture": "#0"},
				"south": {"uv": [7.875, 7.5, 8, 7.625], "texture": "#0"},
				"west": {"uv": [7.625, 7.875, 7.75, 8], "texture": "#0"},
				"up": {"uv": [8, 7.75, 7.875, 7.625], "texture": "#0"},
				"down": {"uv": [7.875, 7.875, 7.75, 8], "texture": "#0"}
			}
		},
		{
			"from": [8, 13, 19],
			"to": [9, 14, 22],
			"faces": {
				"north": {"uv": [7.875, 7.75, 8, 7.875], "texture": "#0"},
				"east": {"uv": [7.75, 0.75, 8.125, 0.875], "texture": "#0"},
				"south": {"uv": [7.875, 7.875, 8, 8], "texture": "#0"},
				"west": {"uv": [7.75, 0.875, 8.125, 1], "texture": "#0"},
				"up": {"uv": [3.875, 8, 3.75, 7.625], "texture": "#0"},
				"down": {"uv": [4, 7.625, 3.875, 8], "texture": "#0"}
			}
		},
		{
			"from": [11, 12, 22],
			"to": [12, 13, 23],
			"faces": {
				"north": {"uv": [0.75, 8, 0.875, 8.125], "texture": "#0"},
				"east": {"uv": [0.875, 8, 1, 8.125], "texture": "#0"},
				"south": {"uv": [1, 8, 1.125, 8.125], "texture": "#0"},
				"west": {"uv": [1.125, 8, 1.25, 8.125], "texture": "#0"},
				"up": {"uv": [8.125, 1.375, 8, 1.25], "texture": "#0"},
				"down": {"uv": [8.125, 1.375, 8, 1.5], "texture": "#0"}
			}
		},
		{
			"from": [11, 13, 21],
			"to": [12, 14, 24],
			"faces": {
				"north": {"uv": [1.5, 8, 1.625, 8.125], "texture": "#0"},
				"east": {"uv": [7.75, 1, 8.125, 1.125], "texture": "#0"},
				"south": {"uv": [8, 1.5, 8.125, 1.625], "texture": "#0"},
				"west": {"uv": [7.75, 1.125, 8.125, 1.25], "texture": "#0"},
				"up": {"uv": [7.875, 1.625, 7.75, 1.25], "texture": "#0"},
				"down": {"uv": [7.875, 1.625, 7.75, 2], "texture": "#0"}
			}
		},
		{
			"from": [12, 13, 22],
			"to": [13, 14, 23],
			"faces": {
				"north": {"uv": [1.625, 8, 1.75, 8.125], "texture": "#0"},
				"east": {"uv": [8, 1.625, 8.125, 1.75], "texture": "#0"},
				"south": {"uv": [1.75, 8, 1.875, 8.125], "texture": "#0"},
				"west": {"uv": [8, 1.75, 8.125, 1.875], "texture": "#0"},
				"up": {"uv": [2, 8.125, 1.875, 8], "texture": "#0"},
				"down": {"uv": [8.125, 1.875, 8, 2], "texture": "#0"}
			}
		},
		{
			"from": [10, 13, 22],
			"to": [11, 14, 23],
			"faces": {
				"north": {"uv": [2, 8, 2.125, 8.125], "texture": "#0"},
				"east": {"uv": [2.125, 8, 2.25, 8.125], "texture": "#0"},
				"south": {"uv": [2.25, 8, 2.375, 8.125], "texture": "#0"},
				"west": {"uv": [8, 2.25, 8.125, 2.375], "texture": "#0"},
				"up": {"uv": [2.5, 8.125, 2.375, 8], "texture": "#0"},
				"down": {"uv": [8.125, 2.375, 8, 2.5], "texture": "#0"}
			}
		},
		{
			"from": [11, 14, 22],
			"to": [12, 14.3, 23],
			"faces": {
				"north": {"uv": [2.5, 8, 2.625, 8.125], "texture": "#0"},
				"east": {"uv": [8, 2.5, 8.125, 2.625], "texture": "#0"},
				"south": {"uv": [2.625, 8, 2.75, 8.125], "texture": "#0"},
				"west": {"uv": [8, 2.625, 8.125, 2.75], "texture": "#0"},
				"up": {"uv": [2.875, 8.125, 2.75, 8], "texture": "#0"},
				"down": {"uv": [8.125, 2.75, 8, 2.875], "texture": "#0"}
			}
		},
		{
			"from": [5, 14, 22],
			"to": [6, 14.3, 23],
			"faces": {
				"north": {"uv": [6.125, 8, 6.25, 8.125], "texture": "#0"},
				"east": {"uv": [8, 6.125, 8.125, 6.25], "texture": "#0"},
				"south": {"uv": [8, 6.25, 8.125, 6.375], "texture": "#0"},
				"west": {"uv": [8, 6.375, 8.125, 6.5], "texture": "#0"},
				"up": {"uv": [8.125, 6.625, 8, 6.5], "texture": "#0"},
				"down": {"uv": [8.125, 6.625, 8, 6.75], "texture": "#0"}
			}
		},
		{
			"from": [5, 13, 21],
			"to": [6, 14, 24],
			"faces": {
				"north": {"uv": [6, 8, 6.125, 8.125], "texture": "#0"},
				"east": {"uv": [7.75, 2, 8.125, 2.125], "texture": "#0"},
				"south": {"uv": [8, 6, 8.125, 6.125], "texture": "#0"},
				"west": {"uv": [7.75, 2.125, 8.125, 2.25], "texture": "#0"},
				"up": {"uv": [7.875, 2.625, 7.75, 2.25], "texture": "#0"},
				"down": {"uv": [7.875, 2.625, 7.75, 3], "texture": "#0"}
			}
		},
		{
			"from": [6, 13, 22],
			"to": [7, 14, 23],
			"faces": {
				"north": {"uv": [8, 4, 8.125, 4.125], "texture": "#0"},
				"east": {"uv": [8, 4.125, 8.125, 4.25], "texture": "#0"},
				"south": {"uv": [8, 4.25, 8.125, 4.375], "texture": "#0"},
				"west": {"uv": [8, 4.375, 8.125, 4.5], "texture": "#0"},
				"up": {"uv": [8.125, 5.125, 8, 5], "texture": "#0"},
				"down": {"uv": [8.125, 5.125, 8, 5.25], "texture": "#0"}
			}
		},
		{
			"from": [4, 13, 22],
			"to": [5, 14, 23],
			"faces": {
				"north": {"uv": [3.5, 8, 3.625, 8.125], "texture": "#0"},
				"east": {"uv": [3.625, 8, 3.75, 8.125], "texture": "#0"},
				"south": {"uv": [3.75, 8, 3.875, 8.125], "texture": "#0"},
				"west": {"uv": [8, 3.75, 8.125, 3.875], "texture": "#0"},
				"up": {"uv": [4, 8.125, 3.875, 8], "texture": "#0"},
				"down": {"uv": [8.125, 3.875, 8, 4], "texture": "#0"}
			}
		},
		{
			"from": [5, 12, 22],
			"to": [6, 13, 23],
			"faces": {
				"north": {"uv": [2.875, 8, 3, 8.125], "texture": "#0"},
				"east": {"uv": [8, 2.875, 8.125, 3], "texture": "#0"},
				"south": {"uv": [3, 8, 3.125, 8.125], "texture": "#0"},
				"west": {"uv": [3.125, 8, 3.25, 8.125], "texture": "#0"},
				"up": {"uv": [3.375, 8.125, 3.25, 8], "texture": "#0"},
				"down": {"uv": [3.5, 8, 3.375, 8.125], "texture": "#0"}
			}
		},
		{
			"from": [8, 12, 19],
			"to": [9, 13, 20],
			"faces": {
				"north": {"uv": [0, 8, 0.125, 8.125], "texture": "#0"},
				"east": {"uv": [0.125, 8, 0.25, 8.125], "texture": "#0"},
				"south": {"uv": [0.25, 8, 0.375, 8.125], "texture": "#0"},
				"west": {"uv": [0.375, 8, 0.5, 8.125], "texture": "#0"},
				"up": {"uv": [0.625, 8.125, 0.5, 8], "texture": "#0"},
				"down": {"uv": [0.75, 8, 0.625, 8.125], "texture": "#0"}
			}
		},
		{
			"from": [7, 28, 17],
			"to": [10, 29, 20],
			"faces": {
				"north": {"uv": [7.75, 0.25, 8.125, 0.375], "texture": "#0"},
				"east": {"uv": [7.75, 0.375, 8.125, 0.5], "texture": "#0"},
				"south": {"uv": [7.75, 0.5, 8.125, 0.625], "texture": "#0"},
				"west": {"uv": [7.75, 0.625, 8.125, 0.75], "texture": "#0"},
				"up": {"uv": [7.875, 4.125, 7.5, 3.75], "texture": "#0"},
				"down": {"uv": [7.875, 4.125, 7.5, 4.5], "texture": "#0"}
			}
		},
		{
			"from": [6.5, 27, 16.5],
			"to": [10.5, 28, 20.5],
			"faces": {
				"north": {"uv": [2.75, 7.625, 3.25, 7.75], "texture": "#0"},
				"east": {"uv": [3.25, 7.625, 3.75, 7.75], "texture": "#0"},
				"south": {"uv": [7.75, 0, 8.25, 0.125], "texture": "#0"},
				"west": {"uv": [7.75, 0.125, 8.25, 0.25], "texture": "#0"},
				"up": {"uv": [7.5, 6.5, 7, 6], "texture": "#0"},
				"down": {"uv": [7.5, 6.5, 7, 7], "texture": "#0"}
			}
		},
		{
			"from": [8, 30, 19],
			"to": [9, 31, 21],
			"faces": {
				"north": {"uv": [7.875, 7.125, 8, 7.25], "texture": "#0"},
				"east": {"uv": [7.75, 6.75, 8, 6.875], "texture": "#0"},
				"south": {"uv": [7.25, 7.875, 7.375, 8], "texture": "#0"},
				"west": {"uv": [7.75, 6.875, 8, 7], "texture": "#0"},
				"up": {"uv": [7.875, 7.25, 7.75, 7], "texture": "#0"},
				"down": {"uv": [7.875, 7.5, 7.75, 7.75], "texture": "#0"}
			}
		},
		{
			"from": [14, 5, -5],
			"to": [15, 11, 21],
			"faces": {
				"north": {"uv": [5.5, 7.5, 5.625, 8.25], "texture": "#0"},
				"east": {"uv": [4.5, 0, 7.75, 0.75], "texture": "#0"},
				"south": {"uv": [5.625, 7.5, 5.75, 8.25], "texture": "#0"},
				"west": {"uv": [4.5, 0.75, 7.75, 1.5], "texture": "#0"},
				"up": {"uv": [4.625, 10.125, 4.5, 6.875], "texture": "#0"},
				"down": {"uv": [4.75, 6.875, 4.625, 10.125], "texture": "#0"}
			}
		},
		{
			"from": [1, 5, -5],
			"to": [2, 11, 21],
			"faces": {
				"north": {"uv": [5.75, 7.5, 5.875, 8.25], "texture": "#0"},
				"east": {"uv": [4.5, 1.5, 7.75, 2.25], "texture": "#0"},
				"south": {"uv": [5.875, 7.5, 6, 8.25], "texture": "#0"},
				"west": {"uv": [4.5, 2.25, 7.75, 3], "texture": "#0"},
				"up": {"uv": [4.875, 10.125, 4.75, 6.875], "texture": "#0"},
				"down": {"uv": [5, 6.875, 4.875, 10.125], "texture": "#0"}
			}
		},
		{
			"from": [3, 5, -7],
			"to": [13, 11, -6],
			"faces": {
				"north": {"uv": [4, 6.125, 5.25, 6.875], "texture": "#0"},
				"east": {"uv": [5, 7.5, 5.125, 8.25], "texture": "#0"},
				"south": {"uv": [5.25, 6.125, 6.5, 6.875], "texture": "#0"},
				"west": {"uv": [5.125, 7.5, 5.25, 8.25], "texture": "#0"},
				"up": {"uv": [3.5, 7.5, 2.25, 7.375], "texture": "#0"},
				"down": {"uv": [6.25, 7.375, 5, 7.5], "texture": "#0"}
			}
		},
		{
			"from": [3, 5, 22],
			"to": [13, 11, 23],
			"faces": {
				"north": {"uv": [1.5, 6.5, 2.75, 7.25], "texture": "#0"},
				"east": {"uv": [5.25, 7.5, 5.375, 8.25], "texture": "#0"},
				"south": {"uv": [2.75, 6.5, 4, 7.25], "texture": "#0"},
				"west": {"uv": [5.375, 7.5, 5.5, 8.25], "texture": "#0"},
				"up": {"uv": [8.25, 7.5, 7, 7.375], "texture": "#0"},
				"down": {"uv": [1.25, 7.5, 0, 7.625], "texture": "#0"}
			}
		}
	],
	"display": {
		"thirdperson_righthand": {
			"rotation": [5, 0, 0],
			"translation": [0, -7.5, -6.25],
			"scale": [0.5, 0.5, 0.5]
		},
		"thirdperson_lefthand": {
			"rotation": [5, 0, 0],
			"translation": [0, -7.5, -6.25],
			"scale": [0.5, 0.5, 0.5]
		},
		"firstperson_righthand": {
			"translation": [2.5, -0.75, -5],
			"scale": [0.8, 0.8, 0.49]
		},
		"firstperson_lefthand": {
			"translation": [2.5, -0.75, -5],
			"scale": [0.8, 0.8, 0.49]
		},
		"ground": {
			"translation": [0.75, 0.5, 0],
			"scale": [0.5, 0.5, 0.5]
		},
		"gui": {
			"rotation": [13, -130, 0],
			"translation": [0, -3.25, 0],
			"scale": [0.45, 0.45, 0.45]
		},
		"fixed": {
			"rotation": [0, 90, 0],
			"translation": [0, -3, -2.5],
			"scale": [0.5, 0.5, 0.5]
		}
	}
}