{
	"credit": "malditos putos hijo de puta Made with blockbench!!!!! mc.universocraft.com",
	"texture_size": [64, 64],
	"textures": {
		"0": "item/laserrebotador",
		"particle": "item/laserrebotador"
	},
	"elements": [
		{
			"from": [4, 1, 11],
			"to": [12, 9, 12],
			"rotation": {"angle": 0, "axis": "y", "origin": [8, 4, 12]},
			"faces": {
				"north": {"uv": [0, 0, 2, 2], "texture": "#0"},
				"east": {"uv": [3, 6.25, 3.25, 8.25], "texture": "#0"},
				"south": {"uv": [0, 2, 2, 4], "texture": "#0"},
				"west": {"uv": [6.25, 3, 6.5, 5], "texture": "#0"},
				"up": {"uv": [5.25, 6.5, 3.25, 6.25], "texture": "#0"},
				"down": {"uv": [8.25, 5, 6.25, 5.25], "texture": "#0"}
			}
		},
		{
			"from": [4, 8, 12],
			"to": [12, 9, 13],
			"rotation": {"angle": 0, "axis": "y", "origin": [8, 4, 12]},
			"faces": {
				"north": {"uv": [5.25, 6.25, 7.25, 6.5], "texture": "#0"},
				"east": {"uv": [8, 8.5, 8.5, 8.75], "texture": "#0"},
				"south": {"uv": [6.5, 0, 8.5, 0.25], "texture": "#0"},
				"west": {"uv": [8.5, 8.25, 9, 8.5], "texture": "#0"},
				"up": {"uv": [6, 3, 4, 2.5], "texture": "#0"},
				"down": {"uv": [6.25, 3.75, 4.25, 4.25], "texture": "#0"}
			}
		},
		{
			"from": [4, 1, 12],
			"to": [12, 2, 13],
			"rotation": {"angle": 0, "axis": "y", "origin": [8, 4, 12]},
			"faces": {
				"north": {"uv": [6.5, 0.25, 8.5, 0.5], "texture": "#0"},
				"east": {"uv": [1, 9, 1.25, 9.25], "texture": "#0"},
				"south": {"uv": [6.5, 0.5, 8.5, 0.75], "texture": "#0"},
				"west": {"uv": [1.25, 9, 1.5, 9.25], "texture": "#0"},
				"up": {"uv": [8.5, 1, 6.5, 0.75], "texture": "#0"},
				"down": {"uv": [8.5, 3, 6.5, 3.25], "texture": "#0"}
			}
		},
		{
			"from": [11, 2, 12],
			"to": [12, 8, 13],
			"rotation": {"angle": 0, "axis": "y", "origin": [8, 4, 12]},
			"faces": {
				"north": {"uv": [6.25, 6.75, 6.5, 8.25], "texture": "#0"},
				"east": {"uv": [6.5, 6.75, 6.75, 8.25], "texture": "#0"},
				"south": {"uv": [6.75, 6.75, 7, 8.25], "texture": "#0"},
				"west": {"uv": [0, 7, 0.25, 8.5], "texture": "#0"},
				"up": {"uv": [1.75, 9.25, 1.5, 9], "texture": "#0"},
				"down": {"uv": [2, 9, 1.75, 9.25], "texture": "#0"}
			}
		},
		{
			"from": [7, 3, 15],
			"to": [9, 7, 16],
			"rotation": {"angle": 0, "axis": "y", "origin": [8, 4, 12]},
			"faces": {
				"north": {"uv": [3.25, 6.5, 3.75, 7.5], "texture": "#0"},
				"east": {"uv": [1.75, 4, 2, 5], "texture": "#0"},
				"south": {"uv": [6.5, 3.25, 7, 4.25], "texture": "#0"},
				"west": {"uv": [7, 7.25, 7.25, 8.25], "texture": "#0"},
				"up": {"uv": [9, 8.75, 8.5, 8.5], "texture": "#0"},
				"down": {"uv": [0.5, 8.75, 0, 9], "texture": "#0"}
			}
		},
		{
			"from": [7, 3, 12],
			"to": [9, 4, 15],
			"rotation": {"angle": 0, "axis": "y", "origin": [8, 4, 12]},
			"faces": {
				"north": {"uv": [0.5, 8.75, 1, 9], "texture": "#0"},
				"east": {"uv": [8, 7.75, 8.75, 8], "texture": "#0"},
				"south": {"uv": [8.75, 1, 9.25, 1.25], "texture": "#0"},
				"west": {"uv": [8, 8, 8.75, 8.25], "texture": "#0"},
				"up": {"uv": [5.5, 3.75, 5, 3], "texture": "#0"},
				"down": {"uv": [6, 3, 5.5, 3.75], "texture": "#0"}
			}
		},
		{
			"from": [7, 6, 12],
			"to": [9, 7, 15],
			"rotation": {"angle": 0, "axis": "y", "origin": [8, 4, 12]},
			"faces": {
				"north": {"uv": [8.75, 1.25, 9.25, 1.5], "texture": "#0"},
				"east": {"uv": [8.25, 4, 9, 4.25], "texture": "#0"},
				"south": {"uv": [8.75, 1.5, 9.25, 1.75], "texture": "#0"},
				"west": {"uv": [8.25, 4.25, 9, 4.5], "texture": "#0"},
				"up": {"uv": [7.25, 6, 6.75, 5.25], "texture": "#0"},
				"down": {"uv": [7.5, 3.25, 7, 4], "texture": "#0"}
			}
		},
		{
			"from": [4, 2, 12],
			"to": [5, 8, 13],
			"rotation": {"angle": 0, "axis": "y", "origin": [8, 4, 12]},
			"faces": {
				"north": {"uv": [0.25, 7, 0.5, 8.5], "texture": "#0"},
				"east": {"uv": [0.5, 7, 0.75, 8.5], "texture": "#0"},
				"south": {"uv": [0.75, 7, 1, 8.5], "texture": "#0"},
				"west": {"uv": [7, 1, 7.25, 2.5], "texture": "#0"},
				"up": {"uv": [9.25, 2, 9, 1.75], "texture": "#0"},
				"down": {"uv": [2.25, 9, 2, 9.25], "texture": "#0"}
			}
		},
		{
			"from": [5, 8, 8],
			"to": [11, 9, 11],
			"rotation": {"angle": 0, "axis": "y", "origin": [8, 4, 12]},
			"faces": {
				"north": {"uv": [3.75, 6.5, 5.25, 6.75], "texture": "#0"},
				"east": {"uv": [1, 6, 1.75, 6.25], "texture": "#0"},
				"south": {"uv": [6.5, 4.25, 8, 4.5], "texture": "#0"},
				"west": {"uv": [7.75, 6.5, 8.5, 6.75], "texture": "#0"},
				"up": {"uv": [3.5, 3.75, 2, 3], "texture": "#0"},
				"down": {"uv": [5, 3, 3.5, 3.75], "texture": "#0"}
			}
		},
		{
			"from": [5, 1, 8],
			"to": [11, 2, 11],
			"rotation": {"angle": 0, "axis": "y", "origin": [8, 4, 12]},
			"faces": {
				"north": {"uv": [6.25, 6.5, 7.75, 6.75], "texture": "#0"},
				"east": {"uv": [8, 2.5, 8.75, 2.75], "texture": "#0"},
				"south": {"uv": [3.75, 6.75, 5.25, 7], "texture": "#0"},
				"west": {"uv": [8, 2.75, 8.75, 3], "texture": "#0"},
				"up": {"uv": [5.5, 0.75, 4, 0], "texture": "#0"},
				"down": {"uv": [5.5, 0.75, 4, 1.5], "texture": "#0"}
			}
		},
		{
			"from": [3, 8, 10],
			"to": [5, 10, 11],
			"rotation": {"angle": 0, "axis": "y", "origin": [8, 4, 12]},
			"faces": {
				"north": {"uv": [0, 5.5, 0.5, 6], "texture": "#0"},
				"east": {"uv": [0.5, 5.5, 0.75, 6], "texture": "#0"},
				"south": {"uv": [5.5, 1, 6, 1.5], "texture": "#0"},
				"west": {"uv": [6, 8, 6.25, 8.5], "texture": "#0"},
				"up": {"uv": [8.75, 4.75, 8.25, 4.5], "texture": "#0"},
				"down": {"uv": [8.75, 4.75, 8.25, 5], "texture": "#0"}
			}
		},
		{
			"from": [3, 9, 11],
			"to": [5, 10, 12],
			"rotation": {"angle": 0, "axis": "y", "origin": [8, 4, 12]},
			"faces": {
				"north": {"uv": [6.75, 8.25, 7.25, 8.5], "texture": "#0"},
				"east": {"uv": [8.75, 4.5, 9, 4.75], "texture": "#0"},
				"south": {"uv": [8, 8.25, 8.5, 8.5], "texture": "#0"},
				"west": {"uv": [4.75, 8.75, 5, 9], "texture": "#0"},
				"up": {"uv": [0.5, 8.75, 0, 8.5], "texture": "#0"},
				"down": {"uv": [9, 0, 8.5, 0.25], "texture": "#0"}
			}
		},
		{
			"from": [3, 8, 11],
			"to": [4, 9, 12],
			"rotation": {"angle": 0, "axis": "y", "origin": [8, 4, 12]},
			"faces": {
				"north": {"uv": [8.75, 4.75, 9, 5], "texture": "#0"},
				"east": {"uv": [5, 8.75, 5.25, 9], "texture": "#0"},
				"south": {"uv": [8.75, 5, 9, 5.25], "texture": "#0"},
				"west": {"uv": [5.25, 8.75, 5.5, 9], "texture": "#0"},
				"up": {"uv": [9, 5.5, 8.75, 5.25], "texture": "#0"},
				"down": {"uv": [5.75, 8.75, 5.5, 9], "texture": "#0"}
			}
		},
		{
			"from": [11, 8, 10],
			"to": [13, 10, 11],
			"rotation": {"angle": 0, "axis": "y", "origin": [8, 4, 12]},
			"faces": {
				"north": {"uv": [1, 7.25, 1.5, 7.75], "texture": "#0"},
				"east": {"uv": [3, 8.25, 3.25, 8.75], "texture": "#0"},
				"south": {"uv": [7.25, 1, 7.75, 1.5], "texture": "#0"},
				"west": {"uv": [7.25, 8.25, 7.5, 8.75], "texture": "#0"},
				"up": {"uv": [2.75, 8.75, 2.25, 8.5], "texture": "#0"},
				"down": {"uv": [9, 3, 8.5, 3.25], "texture": "#0"}
			}
		},
		{
			"from": [12, 8, 11],
			"to": [13, 9, 12],
			"rotation": {"angle": 0, "axis": "y", "origin": [8, 4, 12]},
			"faces": {
				"north": {"uv": [8.75, 5.75, 9, 6], "texture": "#0"},
				"east": {"uv": [8.75, 6, 9, 6.25], "texture": "#0"},
				"south": {"uv": [8.75, 6.25, 9, 6.5], "texture": "#0"},
				"west": {"uv": [6.5, 8.75, 6.75, 9], "texture": "#0"},
				"up": {"uv": [7, 9, 6.75, 8.75], "texture": "#0"},
				"down": {"uv": [7.5, 8.75, 7.25, 9], "texture": "#0"}
			}
		},
		{
			"from": [11, 9, 11],
			"to": [13, 10, 12],
			"rotation": {"angle": 0, "axis": "y", "origin": [8, 4, 12]},
			"faces": {
				"north": {"uv": [8.5, 0.25, 9, 0.5], "texture": "#0"},
				"east": {"uv": [8.75, 5.5, 9, 5.75], "texture": "#0"},
				"south": {"uv": [0.5, 8.5, 1, 8.75], "texture": "#0"},
				"west": {"uv": [5.75, 8.75, 6, 9], "texture": "#0"},
				"up": {"uv": [9, 0.75, 8.5, 0.5], "texture": "#0"},
				"down": {"uv": [9, 0.75, 8.5, 1], "texture": "#0"}
			}
		},
		{
			"from": [11, 0, 10],
			"to": [13, 2, 11],
			"rotation": {"angle": 0, "axis": "y", "origin": [8, 12, 12]},
			"faces": {
				"north": {"uv": [1.5, 7.25, 2, 7.75], "texture": "#0"},
				"east": {"uv": [4.25, 8.5, 4.5, 9], "texture": "#0"},
				"south": {"uv": [7.25, 1.5, 7.75, 2], "texture": "#0"},
				"west": {"uv": [4.5, 8.5, 4.75, 9], "texture": "#0"},
				"up": {"uv": [9, 4, 8.5, 3.75], "texture": "#0"},
				"down": {"uv": [5.25, 8.5, 4.75, 8.75], "texture": "#0"}
			}
		},
		{
			"from": [12, 1, 11],
			"to": [13, 2, 12],
			"rotation": {"angle": 0, "axis": "y", "origin": [8, 12, 12]},
			"faces": {
				"north": {"uv": [8.75, 7.75, 9, 8], "texture": "#0"},
				"east": {"uv": [8, 8.75, 8.25, 9], "texture": "#0"},
				"south": {"uv": [8.75, 8, 9, 8.25], "texture": "#0"},
				"west": {"uv": [8.25, 8.75, 8.5, 9], "texture": "#0"},
				"up": {"uv": [8.75, 9, 8.5, 8.75], "texture": "#0"},
				"down": {"uv": [9, 8.75, 8.75, 9], "texture": "#0"}
			}
		},
		{
			"from": [11, 0, 11],
			"to": [13, 1, 12],
			"rotation": {"angle": 0, "axis": "y", "origin": [8, 12, 12]},
			"faces": {
				"north": {"uv": [3.25, 8.5, 3.75, 8.75], "texture": "#0"},
				"east": {"uv": [7.5, 8.75, 7.75, 9], "texture": "#0"},
				"south": {"uv": [8.5, 3.25, 9, 3.5], "texture": "#0"},
				"west": {"uv": [7.75, 8.75, 8, 9], "texture": "#0"},
				"up": {"uv": [9, 3.75, 8.5, 3.5], "texture": "#0"},
				"down": {"uv": [4.25, 8.5, 3.75, 8.75], "texture": "#0"}
			}
		},
		{
			"from": [3, 0, 11],
			"to": [5, 1, 12],
			"rotation": {"angle": 0, "axis": "y", "origin": [8, 12, 12]},
			"faces": {
				"north": {"uv": [8.5, 6.75, 9, 7], "texture": "#0"},
				"east": {"uv": [0.75, 9, 1, 9.25], "texture": "#0"},
				"south": {"uv": [8.5, 7, 9, 7.25], "texture": "#0"},
				"west": {"uv": [9, 0.75, 9.25, 1], "texture": "#0"},
				"up": {"uv": [9, 7.5, 8.5, 7.25], "texture": "#0"},
				"down": {"uv": [9, 7.5, 8.5, 7.75], "texture": "#0"}
			}
		},
		{
			"from": [3, 1, 11],
			"to": [4, 2, 12],
			"rotation": {"angle": 0, "axis": "y", "origin": [8, 12, 12]},
			"faces": {
				"north": {"uv": [0, 9, 0.25, 9.25], "texture": "#0"},
				"east": {"uv": [9, 0, 9.25, 0.25], "texture": "#0"},
				"south": {"uv": [0.25, 9, 0.5, 9.25], "texture": "#0"},
				"west": {"uv": [9, 0.25, 9.25, 0.5], "texture": "#0"},
				"up": {"uv": [0.75, 9.25, 0.5, 9], "texture": "#0"},
				"down": {"uv": [9.25, 0.5, 9, 0.75], "texture": "#0"}
			}
		},
		{
			"from": [3, 0, 10],
			"to": [5, 2, 11],
			"rotation": {"angle": 0, "axis": "y", "origin": [8, 12, 12]},
			"faces": {
				"north": {"uv": [7.25, 2, 7.75, 2.5], "texture": "#0"},
				"east": {"uv": [6, 8.5, 6.25, 9], "texture": "#0"},
				"south": {"uv": [7.25, 5.25, 7.75, 5.75], "texture": "#0"},
				"west": {"uv": [6.25, 8.5, 6.5, 9], "texture": "#0"},
				"up": {"uv": [7, 8.75, 6.5, 8.5], "texture": "#0"},
				"down": {"uv": [9, 6.5, 8.5, 6.75], "texture": "#0"}
			}
		},
		{
			"from": [6, 9, 8],
			"to": [10, 10, 12],
			"rotation": {"angle": 0, "axis": "y", "origin": [8, 4, 12]},
			"faces": {
				"north": {"uv": [6.75, 6, 7.75, 6.25], "texture": "#0"},
				"east": {"uv": [7, 2.5, 8, 2.75], "texture": "#0"},
				"south": {"uv": [7, 2.75, 8, 3], "texture": "#0"},
				"west": {"uv": [7, 4, 8, 4.25], "texture": "#0"},
				"up": {"uv": [1.75, 5, 0.75, 4], "texture": "#0"},
				"down": {"uv": [5, 1.5, 4, 2.5], "texture": "#0"}
			}
		},
		{
			"from": [7, 10.05, 9],
			"to": [9, 10.05, 11],
			"rotation": {"angle": 0, "axis": "y", "origin": [8, 4, 12]},
			"faces": {
				"north": {"uv": [0, 0, 0.5, 0], "texture": "#0"},
				"east": {"uv": [0, 0, 0.5, 0], "texture": "#0"},
				"south": {"uv": [0, 0, 0.5, 0], "texture": "#0"},
				"west": {"uv": [0, 0, 0.5, 0], "texture": "#0"},
				"up": {"uv": [5.25, 7.5, 4.75, 7], "texture": "#0"},
				"down": {"uv": [7.5, 6.75, 7, 7.25], "texture": "#0"}
			}
		},
		{
			"from": [7, 8, 0],
			"to": [9, 8.5, 6],
			"rotation": {"angle": 0, "axis": "y", "origin": [8, 4, 12]},
			"faces": {
				"north": {"uv": [8.25, 5, 8.75, 5.25], "texture": "#0"},
				"east": {"uv": [6.5, 4.5, 8, 4.75], "texture": "#0"},
				"south": {"uv": [8.25, 5.25, 8.75, 5.5], "texture": "#0"},
				"west": {"uv": [6.5, 4.75, 8, 5], "texture": "#0"},
				"up": {"uv": [2.5, 7.75, 2, 6.25], "texture": "#0"},
				"down": {"uv": [3, 6.25, 2.5, 7.75], "texture": "#0"}
			}
		},
		{
			"from": [7, 8, 7],
			"to": [9, 9.5, 8],
			"rotation": {"angle": 0, "axis": "y", "origin": [8, 4, 12]},
			"faces": {
				"north": {"uv": [7.75, 5.25, 8.25, 5.75], "texture": "#0"},
				"east": {"uv": [7, 8.5, 7.25, 9], "texture": "#0"},
				"south": {"uv": [2.25, 8, 2.75, 8.5], "texture": "#0"},
				"west": {"uv": [8.75, 1.75, 9, 2.25], "texture": "#0"},
				"up": {"uv": [2.75, 9, 2.25, 8.75], "texture": "#0"},
				"down": {"uv": [9.25, 2.25, 8.75, 2.5], "texture": "#0"}
			}
		},
		{
			"from": [7, 8, 6],
			"to": [9, 9, 7],
			"rotation": {"angle": 0, "axis": "y", "origin": [8, 4, 12]},
			"faces": {
				"north": {"uv": [8.75, 2.5, 9.25, 2.75], "texture": "#0"},
				"east": {"uv": [9, 2, 9.25, 2.25], "texture": "#0"},
				"south": {"uv": [8.75, 2.75, 9.25, 3], "texture": "#0"},
				"west": {"uv": [2.25, 9, 2.5, 9.25], "texture": "#0"},
				"up": {"uv": [3.5, 9, 3, 8.75], "texture": "#0"},
				"down": {"uv": [4, 8.75, 3.5, 9], "texture": "#0"}
			}
		},
		{
			"from": [7, 9, 12],
			"to": [9, 9.5, 13],
			"rotation": {"angle": 0, "axis": "y", "origin": [8, 4, 12]},
			"faces": {
				"north": {"uv": [8.25, 5.5, 8.75, 5.75], "texture": "#0"},
				"east": {"uv": [1.75, 5, 2, 5.25], "texture": "#0"},
				"south": {"uv": [8.25, 5.75, 8.75, 6], "texture": "#0"},
				"west": {"uv": [4, 8.75, 4.25, 9], "texture": "#0"},
				"up": {"uv": [6.75, 8.5, 6.25, 8.25], "texture": "#0"},
				"down": {"uv": [8.75, 6.25, 8.25, 6.5], "texture": "#0"}
			}
		},
		{
			"from": [4, 2, 8],
			"to": [5, 8, 11],
			"rotation": {"angle": 0, "axis": "y", "origin": [8, 4, 12]},
			"faces": {
				"north": {"uv": [5.25, 6.5, 5.5, 8], "texture": "#0"},
				"east": {"uv": [2, 3.75, 2.75, 5.25], "texture": "#0"},
				"south": {"uv": [5.5, 6.5, 5.75, 8], "texture": "#0"},
				"west": {"uv": [2.75, 3.75, 3.5, 5.25], "texture": "#0"},
				"up": {"uv": [6.25, 3.75, 6, 3], "texture": "#0"},
				"down": {"uv": [5.5, 8, 5.25, 8.75], "texture": "#0"}
			}
		},
		{
			"from": [11, 2, 8],
			"to": [12, 8, 11],
			"rotation": {"angle": 0, "axis": "y", "origin": [8, 4, 12]},
			"faces": {
				"north": {"uv": [5.75, 6.5, 6, 8], "texture": "#0"},
				"east": {"uv": [3.5, 3.75, 4.25, 5.25], "texture": "#0"},
				"south": {"uv": [6, 6.5, 6.25, 8], "texture": "#0"},
				"west": {"uv": [0, 4, 0.75, 5.5], "texture": "#0"},
				"up": {"uv": [5.75, 8.75, 5.5, 8], "texture": "#0"},
				"down": {"uv": [6, 8, 5.75, 8.75], "texture": "#0"}
			}
		},
		{
			"from": [6, 2, 4],
			"to": [10, 3, 8],
			"rotation": {"angle": 0, "axis": "y", "origin": [8, 4, 12]},
			"faces": {
				"north": {"uv": [7.5, 3.75, 8.5, 4], "texture": "#0"},
				"east": {"uv": [7.5, 6.75, 8.5, 7], "texture": "#0"},
				"south": {"uv": [7.5, 7, 8.5, 7.25], "texture": "#0"},
				"west": {"uv": [7.5, 7.25, 8.5, 7.5], "texture": "#0"},
				"up": {"uv": [6, 2.5, 5, 1.5], "texture": "#0"},
				"down": {"uv": [2.75, 5.25, 1.75, 6.25], "texture": "#0"}
			}
		},
		{
			"from": [10, 2, 4],
			"to": [11, 8, 8],
			"rotation": {"angle": 0, "axis": "y", "origin": [8, 4, 12]},
			"faces": {
				"north": {"uv": [4.25, 7, 4.5, 8.5], "texture": "#0"},
				"east": {"uv": [3, 0, 4, 1.5], "texture": "#0"},
				"south": {"uv": [4.5, 7, 4.75, 8.5], "texture": "#0"},
				"west": {"uv": [3, 1.5, 4, 3], "texture": "#0"},
				"up": {"uv": [3.75, 8.5, 3.5, 7.5], "texture": "#0"},
				"down": {"uv": [5, 7.5, 4.75, 8.5], "texture": "#0"}
			}
		},
		{
			"from": [6, 7, 4],
			"to": [10, 8, 8],
			"rotation": {"angle": 0, "axis": "y", "origin": [8, 4, 12]},
			"faces": {
				"north": {"uv": [7.25, 5.75, 8.25, 6], "texture": "#0"},
				"east": {"uv": [7.25, 6.25, 8.25, 6.5], "texture": "#0"},
				"south": {"uv": [7.5, 3.25, 8.5, 3.5], "texture": "#0"},
				"west": {"uv": [7.5, 3.5, 8.5, 3.75], "texture": "#0"},
				"up": {"uv": [5.25, 5.25, 4.25, 4.25], "texture": "#0"},
				"down": {"uv": [1.75, 5, 0.75, 6], "texture": "#0"}
			}
		},
		{
			"from": [5, 2, 4],
			"to": [6, 8, 8],
			"rotation": {"angle": 0, "axis": "y", "origin": [8, 4, 12]},
			"faces": {
				"north": {"uv": [3.75, 7, 4, 8.5], "texture": "#0"},
				"east": {"uv": [2, 0, 3, 1.5], "texture": "#0"},
				"south": {"uv": [4, 7, 4.25, 8.5], "texture": "#0"},
				"west": {"uv": [2, 1.5, 3, 3], "texture": "#0"},
				"up": {"uv": [7.5, 8.25, 7.25, 7.25], "texture": "#0"},
				"down": {"uv": [3.5, 7.5, 3.25, 8.5], "texture": "#0"}
			}
		},
		{
			"from": [5, 3, 0],
			"to": [6, 7, 4],
			"rotation": {"angle": 0, "axis": "y", "origin": [8, 4, 12]},
			"faces": {
				"north": {"uv": [1.25, 8, 1.5, 9], "texture": "#0"},
				"east": {"uv": [0, 6, 1, 7], "texture": "#0"},
				"south": {"uv": [1.5, 8, 1.75, 9], "texture": "#0"},
				"west": {"uv": [6, 1, 7, 2], "texture": "#0"},
				"up": {"uv": [2, 9, 1.75, 8], "texture": "#0"},
				"down": {"uv": [2.25, 8, 2, 9], "texture": "#0"}
			}
		},
		{
			"from": [10, 3, 0],
			"to": [11, 7, 4],
			"rotation": {"angle": 0, "axis": "y", "origin": [8, 4, 12]},
			"faces": {
				"north": {"uv": [5, 7.5, 5.25, 8.5], "texture": "#0"},
				"east": {"uv": [5.5, 0, 6.5, 1], "texture": "#0"},
				"south": {"uv": [7.5, 7.75, 7.75, 8.75], "texture": "#0"},
				"west": {"uv": [5.75, 5.25, 6.75, 6.25], "texture": "#0"},
				"up": {"uv": [8, 8.75, 7.75, 7.75], "texture": "#0"},
				"down": {"uv": [1.25, 8, 1, 9], "texture": "#0"}
			}
		},
		{
			"from": [6, 2, 0],
			"to": [10, 3, 4],
			"rotation": {"angle": 0, "axis": "y", "origin": [8, 4, 12]},
			"faces": {
				"north": {"uv": [7.75, 1.5, 8.75, 1.75], "texture": "#0"},
				"east": {"uv": [7.75, 1.75, 8.75, 2], "texture": "#0"},
				"south": {"uv": [2, 7.75, 3, 8], "texture": "#0"},
				"west": {"uv": [7.75, 2, 8.75, 2.25], "texture": "#0"},
				"up": {"uv": [6.25, 5.25, 5.25, 4.25], "texture": "#0"},
				"down": {"uv": [5.75, 5.25, 4.75, 6.25], "texture": "#0"}
			}
		},
		{
			"from": [6, 7, 0],
			"to": [10, 8, 4],
			"rotation": {"angle": 0, "axis": "y", "origin": [8, 4, 12]},
			"faces": {
				"north": {"uv": [7.5, 7.5, 8.5, 7.75], "texture": "#0"},
				"east": {"uv": [1, 7.75, 2, 8], "texture": "#0"},
				"south": {"uv": [7.75, 1, 8.75, 1.25], "texture": "#0"},
				"west": {"uv": [7.75, 1.25, 8.75, 1.5], "texture": "#0"},
				"up": {"uv": [3.75, 6.25, 2.75, 5.25], "texture": "#0"},
				"down": {"uv": [4.75, 5.25, 3.75, 6.25], "texture": "#0"}
			}
		},
		{
			"from": [6, 3, 1],
			"to": [10, 7, 2],
			"rotation": {"angle": 0, "axis": "y", "origin": [8, 4, 12]},
			"faces": {
				"north": {"uv": [6, 2, 7, 3], "texture": "#0"},
				"east": {"uv": [2.75, 8, 3, 9], "texture": "#0"},
				"south": {"uv": [1, 6.25, 2, 7.25], "texture": "#0"},
				"west": {"uv": [8, 4, 8.25, 5], "texture": "#0"},
				"up": {"uv": [8.75, 2.5, 7.75, 2.25], "texture": "#0"},
				"down": {"uv": [8.75, 6, 7.75, 6.25], "texture": "#0"}
			}
		}
	],
	"display": {
		"thirdperson_righthand": {
			"translation": [0.25, 2, -5.5]
		},
		"thirdperson_lefthand": {
			"translation": [0.25, 2, -5.5]
		},
		"firstperson_righthand": {
			"translation": [1.75, 4, 0.5]
		},
		"firstperson_lefthand": {
			"translation": [1.75, 4, 0.5]
		},
		"ground": {
			"translation": [0, 5, 0]
		},
		"gui": {
			"rotation": [31, -127, 0],
			"translation": [-0.5, 2, 0]
		},
		"fixed": {
			"rotation": [0, 89, 0],
			"translation": [0.25, 3.5, -3]
		}
	}
}