{
	"credit": "malditos putos hijo de puta Made with blockbench!!!!! mc.universocraft.com",
	"texture_size": [64, 64],
	"textures": {
		"0": "lasergravitatorio",
		"particle": "lasergravitatorio"
	},
	"elements": [
		{
			"from": [4, 0, 10],
			"to": [12, 8, 12],
			"rotation": {"angle": 0, "axis": "y", "origin": [8, 4, 12]},
			"faces": {
				"north": {"uv": [0, 0, 2, 2], "texture": "#0"},
				"east": {"uv": [5, 5, 5.5, 7], "texture": "#0"},
				"south": {"uv": [0, 2, 2, 4], "texture": "#0"},
				"west": {"uv": [0, 5.5, 0.5, 7.5], "texture": "#0"},
				"up": {"uv": [2.5, 6, 0.5, 5.5], "texture": "#0"},
				"down": {"uv": [4.5, 5.5, 2.5, 6], "texture": "#0"}
			}
		},
		{
			"from": [4, 1, 6],
			"to": [5, 7, 10],
			"rotation": {"angle": 0, "axis": "y", "origin": [8, 4, 12]},
			"faces": {
				"north": {"uv": [2, 6, 2.25, 7.5], "texture": "#0"},
				"east": {"uv": [3.5, 1.5, 4.5, 3], "texture": "#0"},
				"south": {"uv": [6, 2, 6.25, 3.5], "texture": "#0"},
				"west": {"uv": [3.5, 3, 4.5, 4.5], "texture": "#0"},
				"up": {"uv": [6.75, 6, 6.5, 5], "texture": "#0"},
				"down": {"uv": [7, 5, 6.75, 6], "texture": "#0"}
			}
		},
		{
			"from": [11, 1, 6],
			"to": [12, 7, 10],
			"rotation": {"angle": 0, "axis": "y", "origin": [8, 4, 12]},
			"faces": {
				"north": {"uv": [2.25, 6, 2.5, 7.5], "texture": "#0"},
				"east": {"uv": [0, 4, 1, 5.5], "texture": "#0"},
				"south": {"uv": [2.5, 6, 2.75, 7.5], "texture": "#0"},
				"west": {"uv": [1, 4, 2, 5.5], "texture": "#0"},
				"up": {"uv": [7, 7.25, 6.75, 6.25], "texture": "#0"},
				"down": {"uv": [7.25, 0, 7, 1], "texture": "#0"}
			}
		},
		{
			"from": [5, 0, 6],
			"to": [11, 1, 10],
			"rotation": {"angle": 0, "axis": "y", "origin": [8, 4, 12]},
			"faces": {
				"north": {"uv": [2.75, 6, 4.25, 6.25], "texture": "#0"},
				"east": {"uv": [6.5, 1.75, 7.5, 2], "texture": "#0"},
				"south": {"uv": [6, 3.5, 7.5, 3.75], "texture": "#0"},
				"west": {"uv": [1, 7, 2, 7.25], "texture": "#0"},
				"up": {"uv": [6, 2.5, 4.5, 1.5], "texture": "#0"},
				"down": {"uv": [3.5, 4.5, 2, 5.5], "texture": "#0"}
			}
		},
		{
			"from": [5, 7, 6],
			"to": [11, 8, 10],
			"rotation": {"angle": 0, "axis": "y", "origin": [8, 4, 12]},
			"faces": {
				"north": {"uv": [6, 3.75, 7.5, 4], "texture": "#0"},
				"east": {"uv": [7, 5, 8, 5.25], "texture": "#0"},
				"south": {"uv": [6, 4, 7.5, 4.25], "texture": "#0"},
				"west": {"uv": [7, 5.25, 8, 5.5], "texture": "#0"},
				"up": {"uv": [6, 3.5, 4.5, 2.5], "texture": "#0"},
				"down": {"uv": [5, 4.5, 3.5, 5.5], "texture": "#0"}
			}
		},
		{
			"from": [6, 7, 5],
			"to": [10, 8, 6],
			"rotation": {"angle": 0, "axis": "y", "origin": [8, 4, 12]},
			"faces": {
				"north": {"uv": [8, 1, 9, 1.25], "texture": "#0"},
				"east": {"uv": [1.25, 8.5, 1.5, 8.75], "texture": "#0"},
				"south": {"uv": [2.75, 8, 3.75, 8.25], "texture": "#0"},
				"west": {"uv": [1.5, 8.5, 1.75, 8.75], "texture": "#0"},
				"up": {"uv": [9, 3.75, 8, 3.5], "texture": "#0"},
				"down": {"uv": [9, 3.75, 8, 4], "texture": "#0"}
			}
		},
		{
			"from": [6, 7, 3],
			"to": [10, 8, 4],
			"rotation": {"angle": 0, "axis": "y", "origin": [8, 4, 12]},
			"faces": {
				"north": {"uv": [8, 4.5, 9, 4.75], "texture": "#0"},
				"east": {"uv": [3.75, 8.5, 4, 8.75], "texture": "#0"},
				"south": {"uv": [8, 4.75, 9, 5], "texture": "#0"},
				"west": {"uv": [4, 8.5, 4.25, 8.75], "texture": "#0"},
				"up": {"uv": [9, 5.25, 8, 5], "texture": "#0"},
				"down": {"uv": [9, 5.25, 8, 5.5], "texture": "#0"}
			}
		},
		{
			"from": [7, 7, 4],
			"to": [9, 8, 5],
			"rotation": {"angle": 0, "axis": "y", "origin": [8, 4, 12]},
			"faces": {
				"north": {"uv": [7.25, 8.25, 7.75, 8.5], "texture": "#0"},
				"east": {"uv": [4.25, 8.5, 4.5, 8.75], "texture": "#0"},
				"south": {"uv": [8.25, 7.25, 8.75, 7.5], "texture": "#0"},
				"west": {"uv": [4.5, 8.5, 4.75, 8.75], "texture": "#0"},
				"up": {"uv": [8.75, 7.75, 8.25, 7.5], "texture": "#0"},
				"down": {"uv": [8.25, 8.25, 7.75, 8.5], "texture": "#0"}
			}
		},
		{
			"from": [6, 0, 3],
			"to": [10, 1, 4],
			"rotation": {"angle": 0, "axis": "y", "origin": [8, 4, 12]},
			"faces": {
				"north": {"uv": [8, 6.5, 9, 6.75], "texture": "#0"},
				"east": {"uv": [5.75, 8.5, 6, 8.75], "texture": "#0"},
				"south": {"uv": [8, 6.75, 9, 7], "texture": "#0"},
				"west": {"uv": [6, 8.5, 6.25, 8.75], "texture": "#0"},
				"up": {"uv": [9, 8, 8, 7.75], "texture": "#0"},
				"down": {"uv": [9, 8, 8, 8.25], "texture": "#0"}
			}
		},
		{
			"from": [6, 0, 5],
			"to": [10, 1, 6],
			"rotation": {"angle": 0, "axis": "y", "origin": [8, 4, 12]},
			"faces": {
				"north": {"uv": [8, 5.5, 9, 5.75], "texture": "#0"},
				"east": {"uv": [5.25, 8.5, 5.5, 8.75], "texture": "#0"},
				"south": {"uv": [8, 5.75, 9, 6], "texture": "#0"},
				"west": {"uv": [5.5, 8.5, 5.75, 8.75], "texture": "#0"},
				"up": {"uv": [9, 6.25, 8, 6], "texture": "#0"},
				"down": {"uv": [9, 6.25, 8, 6.5], "texture": "#0"}
			}
		},
		{
			"from": [7, 0, 4],
			"to": [9, 1, 5],
			"rotation": {"angle": 0, "axis": "y", "origin": [8, 4, 12]},
			"faces": {
				"north": {"uv": [8.25, 8.25, 8.75, 8.5], "texture": "#0"},
				"east": {"uv": [4.75, 8.5, 5, 8.75], "texture": "#0"},
				"south": {"uv": [0.5, 8.5, 1, 8.75], "texture": "#0"},
				"west": {"uv": [5, 8.5, 5.25, 8.75], "texture": "#0"},
				"up": {"uv": [9, 0.75, 8.5, 0.5], "texture": "#0"},
				"down": {"uv": [9, 0.75, 8.5, 1], "texture": "#0"}
			}
		},
		{
			"from": [5, 7, 2],
			"to": [11, 8, 3],
			"rotation": {"angle": 0, "axis": "y", "origin": [8, 4, 12]},
			"faces": {
				"north": {"uv": [6, 4.75, 7.5, 5], "texture": "#0"},
				"east": {"uv": [1.75, 8.5, 2, 8.75], "texture": "#0"},
				"south": {"uv": [5.75, 6, 7.25, 6.25], "texture": "#0"},
				"west": {"uv": [8.5, 1.75, 8.75, 2], "texture": "#0"},
				"up": {"uv": [7.75, 2.25, 6.25, 2], "texture": "#0"},
				"down": {"uv": [7.75, 2.25, 6.25, 2.5], "texture": "#0"}
			}
		},
		{
			"from": [5, 0, 2],
			"to": [11, 1, 3],
			"rotation": {"angle": 0, "axis": "y", "origin": [8, 4, 12]},
			"faces": {
				"north": {"uv": [6.25, 2.5, 7.75, 2.75], "texture": "#0"},
				"east": {"uv": [2, 8.5, 2.25, 8.75], "texture": "#0"},
				"south": {"uv": [2.75, 6.25, 4.25, 6.5], "texture": "#0"},
				"west": {"uv": [2.5, 8.5, 2.75, 8.75], "texture": "#0"},
				"up": {"uv": [7.75, 3, 6.25, 2.75], "texture": "#0"},
				"down": {"uv": [7.75, 3, 6.25, 3.25], "texture": "#0"}
			}
		},
		{
			"from": [11, 1, 2],
			"to": [12, 7, 3],
			"rotation": {"angle": 0, "axis": "y", "origin": [8, 4, 12]},
			"faces": {
				"north": {"uv": [5.75, 6.25, 6, 7.75], "texture": "#0"},
				"east": {"uv": [6, 6.25, 6.25, 7.75], "texture": "#0"},
				"south": {"uv": [6.25, 6.25, 6.5, 7.75], "texture": "#0"},
				"west": {"uv": [2.75, 6.5, 3, 8], "texture": "#0"},
				"up": {"uv": [3, 8.75, 2.75, 8.5], "texture": "#0"},
				"down": {"uv": [3.25, 8.5, 3, 8.75], "texture": "#0"}
			}
		},
		{
			"from": [4, 1, 2],
			"to": [5, 7, 3],
			"rotation": {"angle": 0, "axis": "y", "origin": [8, 4, 12]},
			"faces": {
				"north": {"uv": [3, 6.5, 3.25, 8], "texture": "#0"},
				"east": {"uv": [3.25, 6.5, 3.5, 8], "texture": "#0"},
				"south": {"uv": [3.5, 6.5, 3.75, 8], "texture": "#0"},
				"west": {"uv": [3.75, 6.5, 4, 8], "texture": "#0"},
				"up": {"uv": [3.5, 8.75, 3.25, 8.5], "texture": "#0"},
				"down": {"uv": [3.75, 8.5, 3.5, 8.75], "texture": "#0"}
			}
		},
		{
			"from": [4, 6, 12],
			"to": [6, 8, 14],
			"rotation": {"angle": 0, "axis": "y", "origin": [8, 4, 12]},
			"faces": {
				"north": {"uv": [5, 7, 5.5, 7.5], "texture": "#0"},
				"east": {"uv": [7, 5.5, 7.5, 6], "texture": "#0"},
				"south": {"uv": [7, 6.25, 7.5, 6.75], "texture": "#0"},
				"west": {"uv": [7, 6.75, 7.5, 7.25], "texture": "#0"},
				"up": {"uv": [7.75, 0.5, 7.25, 0], "texture": "#0"},
				"down": {"uv": [1, 7.25, 0.5, 7.75], "texture": "#0"}
			}
		},
		{
			"from": [10, 6, 12],
			"to": [12, 8, 14],
			"rotation": {"angle": 0, "axis": "y", "origin": [8, 4, 12]},
			"faces": {
				"north": {"uv": [7.25, 0.5, 7.75, 1], "texture": "#0"},
				"east": {"uv": [1, 7.25, 1.5, 7.75], "texture": "#0"},
				"south": {"uv": [1.5, 7.25, 2, 7.75], "texture": "#0"},
				"west": {"uv": [6.75, 7.25, 7.25, 7.75], "texture": "#0"},
				"up": {"uv": [7.75, 7.75, 7.25, 7.25], "texture": "#0"},
				"down": {"uv": [0.5, 7.5, 0, 8], "texture": "#0"}
			}
		},
		{
			"from": [10, 0, 12],
			"to": [12, 2, 14],
			"rotation": {"angle": 0, "axis": "y", "origin": [8, 4, 12]},
			"faces": {
				"north": {"uv": [2, 7.5, 2.5, 8], "texture": "#0"},
				"east": {"uv": [7.5, 3.5, 8, 4], "texture": "#0"},
				"south": {"uv": [7.5, 4, 8, 4.5], "texture": "#0"},
				"west": {"uv": [7.5, 4.5, 8, 5], "texture": "#0"},
				"up": {"uv": [5.5, 8, 5, 7.5], "texture": "#0"},
				"down": {"uv": [8, 5.5, 7.5, 6], "texture": "#0"}
			}
		},
		{
			"from": [4, 0, 12],
			"to": [6, 2, 14],
			"rotation": {"angle": 0, "axis": "y", "origin": [8, 4, 12]},
			"faces": {
				"north": {"uv": [7.5, 6, 8, 6.5], "texture": "#0"},
				"east": {"uv": [7.5, 6.5, 8, 7], "texture": "#0"},
				"south": {"uv": [7.75, 0, 8.25, 0.5], "texture": "#0"},
				"west": {"uv": [0.5, 7.75, 1, 8.25], "texture": "#0"},
				"up": {"uv": [8.25, 1, 7.75, 0.5], "texture": "#0"},
				"down": {"uv": [1.5, 7.75, 1, 8.25], "texture": "#0"}
			}
		},
		{
			"from": [5, 1, 3],
			"to": [11, 7, 4],
			"rotation": {"angle": 0, "axis": "y", "origin": [8, 4, 12]},
			"faces": {
				"north": {"uv": [2, 0, 3.5, 1.5], "texture": "#0"},
				"east": {"uv": [4.25, 6, 4.5, 7.5], "texture": "#0"},
				"south": {"uv": [2, 1.5, 3.5, 3], "texture": "#0"},
				"west": {"uv": [5.5, 6, 5.75, 7.5], "texture": "#0"},
				"up": {"uv": [7.5, 4.5, 6, 4.25], "texture": "#0"},
				"down": {"uv": [7.5, 4.5, 6, 4.75], "texture": "#0"}
			}
		},
		{
			"from": [6, 1, 4],
			"to": [10, 7, 5],
			"rotation": {"angle": 0, "axis": "y", "origin": [8, 4, 12]},
			"faces": {
				"north": {"uv": [5, 0, 6, 1.5], "texture": "#0"},
				"east": {"uv": [4, 6.5, 4.25, 8], "texture": "#0"},
				"south": {"uv": [5, 3.5, 6, 5], "texture": "#0"},
				"west": {"uv": [6.5, 6.25, 6.75, 7.75], "texture": "#0"},
				"up": {"uv": [9, 4.25, 8, 4], "texture": "#0"},
				"down": {"uv": [9, 4.25, 8, 4.5], "texture": "#0"}
			}
		},
		{
			"from": [5, 1, 5],
			"to": [11, 7, 6],
			"rotation": {"angle": 0, "axis": "y", "origin": [8, 4, 12]},
			"faces": {
				"north": {"uv": [2, 3, 3.5, 4.5], "texture": "#0"},
				"east": {"uv": [4.5, 6.75, 4.75, 8.25], "texture": "#0"},
				"south": {"uv": [3.5, 0, 5, 1.5], "texture": "#0"},
				"west": {"uv": [4.75, 6.75, 5, 8.25], "texture": "#0"},
				"up": {"uv": [7.75, 3.5, 6.25, 3.25], "texture": "#0"},
				"down": {"uv": [8, 1, 6.5, 1.25], "texture": "#0"}
			}
		},
		{
			"from": [6, 8, 7],
			"to": [10, 9, 11],
			"rotation": {"angle": 0, "axis": "y", "origin": [8, 4, 12]},
			"faces": {
				"north": {"uv": [7.5, 1.75, 8.5, 2], "texture": "#0"},
				"east": {"uv": [7.5, 7, 8.5, 7.25], "texture": "#0"},
				"south": {"uv": [7.75, 1.25, 8.75, 1.5], "texture": "#0"},
				"west": {"uv": [7.75, 1.5, 8.75, 1.75], "texture": "#0"},
				"up": {"uv": [6.5, 6, 5.5, 5], "texture": "#0"},
				"down": {"uv": [7, 0, 6, 1], "texture": "#0"}
			}
		},
		{
			"from": [7, 9, 8],
			"to": [9, 9, 10],
			"rotation": {"angle": 0, "axis": "y", "origin": [8, 4, 12]},
			"faces": {
				"north": {"uv": [0, 0, 0.5, 0], "texture": "#0"},
				"east": {"uv": [0, 0, 0.5, 0], "texture": "#0"},
				"south": {"uv": [0, 0, 0.5, 0], "texture": "#0"},
				"west": {"uv": [0, 0, 0.5, 0], "texture": "#0"},
				"up": {"uv": [2, 8.25, 1.5, 7.75], "texture": "#0"},
				"down": {"uv": [8.25, 2, 7.75, 2.5], "texture": "#0"}
			}
		},
		{
			"from": [7, 8, 2],
			"to": [9, 8.5, 7],
			"rotation": {"angle": 0, "axis": "y", "origin": [8, 4, 12]},
			"faces": {
				"north": {"uv": [2, 8, 2.5, 8.25], "texture": "#0"},
				"east": {"uv": [6.5, 1.25, 7.75, 1.5], "texture": "#0"},
				"south": {"uv": [3.75, 8, 4.25, 8.25], "texture": "#0"},
				"west": {"uv": [6.5, 1.5, 7.75, 1.75], "texture": "#0"},
				"up": {"uv": [5, 6.75, 4.5, 5.5], "texture": "#0"},
				"down": {"uv": [1, 6, 0.5, 7.25], "texture": "#0"}
			}
		},
		{
			"from": [7, 8, 11],
			"to": [9, 8.5, 12],
			"rotation": {"angle": 0, "axis": "y", "origin": [8, 4, 12]},
			"faces": {
				"north": {"uv": [5, 8, 5.5, 8.25], "texture": "#0"},
				"east": {"uv": [7.25, 6, 7.5, 6.25], "texture": "#0"},
				"south": {"uv": [8.25, 0, 8.75, 0.25], "texture": "#0"},
				"west": {"uv": [5.5, 7.5, 5.75, 7.75], "texture": "#0"},
				"up": {"uv": [8.75, 0.5, 8.25, 0.25], "texture": "#0"},
				"down": {"uv": [1, 8.25, 0.5, 8.5], "texture": "#0"}
			}
		},
		{
			"from": [1, 2, 10],
			"to": [2, 6, 12],
			"rotation": {"angle": 0, "axis": "y", "origin": [8, 4, 12]},
			"faces": {
				"north": {"uv": [2.5, 7.5, 2.75, 8.5], "texture": "#0"},
				"east": {"uv": [4.5, 3.5, 5, 4.5], "texture": "#0"},
				"south": {"uv": [4.25, 7.5, 4.5, 8.5], "texture": "#0"},
				"west": {"uv": [1, 6, 1.5, 7], "texture": "#0"},
				"up": {"uv": [8.5, 1, 8.25, 0.5], "texture": "#0"},
				"down": {"uv": [1.25, 8.25, 1, 8.75], "texture": "#0"}
			}
		},
		{
			"from": [2, 5, 10],
			"to": [4, 6, 12],
			"rotation": {"angle": 0, "axis": "y", "origin": [8, 4, 12]},
			"faces": {
				"north": {"uv": [1.25, 8.25, 1.75, 8.5], "texture": "#0"},
				"east": {"uv": [1.75, 8.25, 2.25, 8.5], "texture": "#0"},
				"south": {"uv": [8.25, 2, 8.75, 2.25], "texture": "#0"},
				"west": {"uv": [8.25, 2.25, 8.75, 2.5], "texture": "#0"},
				"up": {"uv": [8.25, 3, 7.75, 2.5], "texture": "#0"},
				"down": {"uv": [8.25, 3, 7.75, 3.5], "texture": "#0"}
			}
		},
		{
			"from": [2, 2, 10],
			"to": [4, 3, 12],
			"rotation": {"angle": 0, "axis": "y", "origin": [8, 4, 12]},
			"faces": {
				"north": {"uv": [8.25, 2.5, 8.75, 2.75], "texture": "#0"},
				"east": {"uv": [2.75, 8.25, 3.25, 8.5], "texture": "#0"},
				"south": {"uv": [8.25, 2.75, 8.75, 3], "texture": "#0"},
				"west": {"uv": [8.25, 3, 8.75, 3.25], "texture": "#0"},
				"up": {"uv": [6, 8.25, 5.5, 7.75], "texture": "#0"},
				"down": {"uv": [6.5, 7.75, 6, 8.25], "texture": "#0"}
			}
		},
		{
			"from": [14, 2, 10],
			"to": [15, 6, 12],
			"rotation": {"angle": 0, "axis": "y", "origin": [0, 4, 12]},
			"faces": {
				"north": {"uv": [0, 8, 0.25, 9], "texture": "#0"},
				"east": {"uv": [6, 1, 6.5, 2], "texture": "#0"},
				"south": {"uv": [0.25, 8, 0.5, 9], "texture": "#0"},
				"west": {"uv": [1.5, 6, 2, 7], "texture": "#0"},
				"up": {"uv": [2.5, 8.75, 2.25, 8.25], "texture": "#0"},
				"down": {"uv": [7.25, 8.25, 7, 8.75], "texture": "#0"}
			}
		},
		{
			"from": [12, 5, 10],
			"to": [14, 6, 12],
			"rotation": {"angle": 0, "axis": "y", "origin": [0, 4, 12]},
			"faces": {
				"north": {"uv": [5, 8.25, 5.5, 8.5], "texture": "#0"},
				"east": {"uv": [5.5, 8.25, 6, 8.5], "texture": "#0"},
				"south": {"uv": [6, 8.25, 6.5, 8.5], "texture": "#0"},
				"west": {"uv": [6.5, 8.25, 7, 8.5], "texture": "#0"},
				"up": {"uv": [8.25, 7.75, 7.75, 7.25], "texture": "#0"},
				"down": {"uv": [8, 7.75, 7.5, 8.25], "texture": "#0"}
			}
		},
		{
			"from": [12, 2, 10],
			"to": [14, 3, 12],
			"rotation": {"angle": 0, "axis": "y", "origin": [0, 4, 12]},
			"faces": {
				"north": {"uv": [3.25, 8.25, 3.75, 8.5], "texture": "#0"},
				"east": {"uv": [8.25, 3.25, 8.75, 3.5], "texture": "#0"},
				"south": {"uv": [3.75, 8.25, 4.25, 8.5], "texture": "#0"},
				"west": {"uv": [4.5, 8.25, 5, 8.5], "texture": "#0"},
				"up": {"uv": [7, 8.25, 6.5, 7.75], "texture": "#0"},
				"down": {"uv": [7.5, 7.75, 7, 8.25], "texture": "#0"}
			}
		}
	],
	"display": {
		"thirdperson_righthand": {
			"translation": [5.75, 3, -2]
		},
		"thirdperson_lefthand": {
			"translation": [5.75, 3, -2]
		},
		"firstperson_righthand": {
			"translation": [1.5, 5, 0]
		},
		"firstperson_lefthand": {
			"translation": [1.5, 5, 0]
		},
		"ground": {
			"translation": [0, 5, 0]
		},
		"gui": {
			"rotation": [31, -127, 0],
			"translation": [0, 3, 0]
		},
		"fixed": {
			"rotation": [0, 89, 0],
			"translation": [0.25, 3.5, -3]
		}
	}
}