{
	"credit": "malditos putos hijo de puta Made with blockbench!!!!! mc.universocraft.com",
	"texture_size": [64, 64],
	"textures": {
		"0": "item/laseramigable",
		"particle": "item/laseramigable"
	},
	"elements": [
		{
			"from": [4, 0, 10],
			"to": [12, 8, 12],
			"rotation": {"angle": 0, "axis": "y", "origin": [8, 4, 12]},
			"faces": {
				"north": {"uv": [0, 0, 2, 2], "texture": "#0"},
				"east": {"uv": [1.5, 5.5, 2, 7.5], "texture": "#0"},
				"south": {"uv": [0, 2, 2, 4], "texture": "#0"},
				"west": {"uv": [2, 5.5, 2.5, 7.5], "texture": "#0"},
				"up": {"uv": [7, 3.5, 5, 3], "texture": "#0"},
				"down": {"uv": [7, 3.5, 5, 4], "texture": "#0"}
			}
		},
		{
			"from": [2, 5, 10],
			"to": [4, 6, 12],
			"rotation": {"angle": 0, "axis": "y", "origin": [8, 4, 12]},
			"faces": {
				"north": {"uv": [7.25, 1.25, 7.75, 1.5], "texture": "#0"},
				"east": {"uv": [7.75, 1.25, 8.25, 1.5], "texture": "#0"},
				"south": {"uv": [7.75, 4.5, 8.25, 4.75], "texture": "#0"},
				"west": {"uv": [7.75, 4.75, 8.25, 5], "texture": "#0"},
				"up": {"uv": [8, 7.5, 7.5, 7], "texture": "#0"},
				"down": {"uv": [7.75, 7.5, 7.25, 8], "texture": "#0"}
			}
		},
		{
			"from": [2, 2, 10],
			"to": [4, 3, 12],
			"rotation": {"angle": 0, "axis": "y", "origin": [8, 4, 12]},
			"faces": {
				"north": {"uv": [7.75, 5, 8.25, 5.25], "texture": "#0"},
				"east": {"uv": [7.75, 5.25, 8.25, 5.5], "texture": "#0"},
				"south": {"uv": [7.75, 5.5, 8.25, 5.75], "texture": "#0"},
				"west": {"uv": [7.75, 5.75, 8.25, 6], "texture": "#0"},
				"up": {"uv": [0.5, 8.25, 0, 7.75], "texture": "#0"},
				"down": {"uv": [8.25, 0.25, 7.75, 0.75], "texture": "#0"}
			}
		},
		{
			"from": [1, 2, 10],
			"to": [2, 6, 12],
			"rotation": {"angle": 0, "axis": "y", "origin": [8, 4, 12]},
			"faces": {
				"north": {"uv": [6.75, 7.5, 7, 8.5], "texture": "#0"},
				"east": {"uv": [6.5, 2, 7, 3], "texture": "#0"},
				"south": {"uv": [7, 7.5, 7.25, 8.5], "texture": "#0"},
				"west": {"uv": [3.5, 6.5, 4, 7.5], "texture": "#0"},
				"up": {"uv": [8, 3, 7.75, 2.5], "texture": "#0"},
				"down": {"uv": [8, 3, 7.75, 3.5], "texture": "#0"}
			}
		},
		{
			"from": [12, 2, 7],
			"to": [13, 6, 11],
			"rotation": {"angle": 0, "axis": "y", "origin": [8, 4, 12]},
			"faces": {
				"north": {"uv": [5.5, 7.5, 5.75, 8.5], "texture": "#0"},
				"east": {"uv": [2.5, 5.5, 3.5, 6.5], "texture": "#0"},
				"south": {"uv": [7.5, 5.5, 7.75, 6.5], "texture": "#0"},
				"west": {"uv": [3.5, 5.5, 4.5, 6.5], "texture": "#0"},
				"up": {"uv": [6, 8.5, 5.75, 7.5], "texture": "#0"},
				"down": {"uv": [6.25, 7.5, 6, 8.5], "texture": "#0"}
			}
		},
		{
			"from": [12, 3, 2],
			"to": [12.5, 5, 7],
			"rotation": {"angle": 0, "axis": "y", "origin": [8, 4, 12]},
			"faces": {
				"north": {"uv": [0.5, 7.75, 0.75, 8.25], "texture": "#0"},
				"east": {"uv": [6, 4.5, 7.25, 5], "texture": "#0"},
				"south": {"uv": [0.75, 7.75, 1, 8.25], "texture": "#0"},
				"west": {"uv": [6, 5, 7.25, 5.5], "texture": "#0"},
				"up": {"uv": [7.25, 1.5, 7, 0.25], "texture": "#0"},
				"down": {"uv": [5, 7, 4.75, 8.25], "texture": "#0"}
			}
		},
		{
			"from": [12, 3, 11],
			"to": [12.5, 5, 12],
			"rotation": {"angle": 0, "axis": "y", "origin": [8, 4, 12]},
			"faces": {
				"north": {"uv": [7.75, 0.75, 8, 1.25], "texture": "#0"},
				"east": {"uv": [1, 7.75, 1.25, 8.25], "texture": "#0"},
				"south": {"uv": [1.25, 7.75, 1.5, 8.25], "texture": "#0"},
				"west": {"uv": [7.75, 2, 8, 2.5], "texture": "#0"},
				"up": {"uv": [8, 6.25, 7.75, 6], "texture": "#0"},
				"down": {"uv": [8, 6.25, 7.75, 6.5], "texture": "#0"}
			}
		},
		{
			"from": [13.05, 3, 8],
			"to": [13.05, 5, 10],
			"rotation": {"angle": 0, "axis": "y", "origin": [8, 4, 12]},
			"faces": {
				"north": {"uv": [0, 0, 0, 0.5], "texture": "#0"},
				"east": {"uv": [6.25, 7.5, 6.75, 8], "texture": "#0"},
				"south": {"uv": [0, 0, 0, 0.5], "texture": "#0"},
				"west": {"uv": [7.5, 6.5, 8, 7], "texture": "#0"},
				"up": {"uv": [0, 0.5, 0, 0], "texture": "#0"},
				"down": {"uv": [0, 0, 0, 0.5], "texture": "#0"}
			}
		},
		{
			"from": [5, 1, 3],
			"to": [11, 7, 5],
			"rotation": {"angle": 0, "axis": "y", "origin": [8, 4, 12]},
			"faces": {
				"north": {"uv": [5, 1.5, 6.5, 3], "texture": "#0"},
				"east": {"uv": [4.5, 5.5, 5, 7], "texture": "#0"},
				"south": {"uv": [0, 5.5, 1.5, 7], "texture": "#0"},
				"west": {"uv": [5, 5.5, 5.5, 7], "texture": "#0"},
				"up": {"uv": [7, 6, 5.5, 5.5], "texture": "#0"},
				"down": {"uv": [7.5, 4, 6, 4.5], "texture": "#0"}
			}
		},
		{
			"from": [10, 6, 12],
			"to": [12, 8, 14],
			"rotation": {"angle": 0, "axis": "y", "origin": [8, 4, 12]},
			"faces": {
				"north": {"uv": [7, 3.5, 7.5, 4], "texture": "#0"},
				"east": {"uv": [5, 7, 5.5, 7.5], "texture": "#0"},
				"south": {"uv": [5.5, 7, 6, 7.5], "texture": "#0"},
				"west": {"uv": [7, 5.5, 7.5, 6], "texture": "#0"},
				"up": {"uv": [6.5, 7.5, 6, 7], "texture": "#0"},
				"down": {"uv": [7, 7, 6.5, 7.5], "texture": "#0"}
			}
		},
		{
			"from": [10, 0, 12],
			"to": [12, 2, 14],
			"rotation": {"angle": 0, "axis": "y", "origin": [8, 4, 12]},
			"faces": {
				"north": {"uv": [7, 6.5, 7.5, 7], "texture": "#0"},
				"east": {"uv": [7, 7, 7.5, 7.5], "texture": "#0"},
				"south": {"uv": [0, 7.25, 0.5, 7.75], "texture": "#0"},
				"west": {"uv": [7.25, 0.25, 7.75, 0.75], "texture": "#0"},
				"up": {"uv": [1, 7.75, 0.5, 7.25], "texture": "#0"},
				"down": {"uv": [7.75, 0.75, 7.25, 1.25], "texture": "#0"}
			}
		},
		{
			"from": [4, 0, 12],
			"to": [6, 2, 14],
			"rotation": {"angle": 0, "axis": "y", "origin": [8, 4, 12]},
			"faces": {
				"north": {"uv": [1, 7.25, 1.5, 7.75], "texture": "#0"},
				"east": {"uv": [7.25, 2, 7.75, 2.5], "texture": "#0"},
				"south": {"uv": [7.25, 2.5, 7.75, 3], "texture": "#0"},
				"west": {"uv": [7.25, 3, 7.75, 3.5], "texture": "#0"},
				"up": {"uv": [7.75, 5, 7.25, 4.5], "texture": "#0"},
				"down": {"uv": [7.75, 5, 7.25, 5.5], "texture": "#0"}
			}
		},
		{
			"from": [4, 6, 12],
			"to": [6, 8, 14],
			"rotation": {"angle": 0, "axis": "y", "origin": [8, 4, 12]},
			"faces": {
				"north": {"uv": [1.5, 7.5, 2, 8], "texture": "#0"},
				"east": {"uv": [2, 7.5, 2.5, 8], "texture": "#0"},
				"south": {"uv": [3.5, 7.5, 4, 8], "texture": "#0"},
				"west": {"uv": [7.5, 3.5, 8, 4], "texture": "#0"},
				"up": {"uv": [8, 4.5, 7.5, 4], "texture": "#0"},
				"down": {"uv": [5.5, 7.5, 5, 8], "texture": "#0"}
			}
		},
		{
			"from": [5, 7, 2],
			"to": [11, 8, 10],
			"rotation": {"angle": 0, "axis": "y", "origin": [8, 4, 12]},
			"faces": {
				"north": {"uv": [5.5, 6.5, 7, 6.75], "texture": "#0"},
				"east": {"uv": [5.5, 6, 7.5, 6.25], "texture": "#0"},
				"south": {"uv": [5.5, 6.75, 7, 7], "texture": "#0"},
				"west": {"uv": [5.5, 6.25, 7.5, 6.5], "texture": "#0"},
				"up": {"uv": [3.5, 2, 2, 0], "texture": "#0"},
				"down": {"uv": [3.5, 2, 2, 4], "texture": "#0"}
			}
		},
		{
			"from": [5, 0, 2],
			"to": [11, 1, 10],
			"rotation": {"angle": 0, "axis": "y", "origin": [8, 4, 12]},
			"faces": {
				"north": {"uv": [0, 7, 1.5, 7.25], "texture": "#0"},
				"east": {"uv": [6.5, 1.5, 8.5, 1.75], "texture": "#0"},
				"south": {"uv": [7, 0, 8.5, 0.25], "texture": "#0"},
				"west": {"uv": [6.5, 1.75, 8.5, 2], "texture": "#0"},
				"up": {"uv": [5, 2, 3.5, 0], "texture": "#0"},
				"down": {"uv": [5, 2, 3.5, 4], "texture": "#0"}
			}
		},
		{
			"from": [4, 1, 2],
			"to": [5, 7, 10],
			"rotation": {"angle": 0, "axis": "y", "origin": [8, 4, 12]},
			"faces": {
				"north": {"uv": [4, 6.5, 4.25, 8], "texture": "#0"},
				"east": {"uv": [0, 4, 2, 5.5], "texture": "#0"},
				"south": {"uv": [4.25, 6.5, 4.5, 8], "texture": "#0"},
				"west": {"uv": [2, 4, 4, 5.5], "texture": "#0"},
				"up": {"uv": [2.75, 8.5, 2.5, 6.5], "texture": "#0"},
				"down": {"uv": [3, 6.5, 2.75, 8.5], "texture": "#0"}
			}
		},
		{
			"from": [11, 1, 2],
			"to": [12, 7, 10],
			"rotation": {"angle": 0, "axis": "y", "origin": [8, 4, 12]},
			"faces": {
				"north": {"uv": [7, 2, 7.25, 3.5], "texture": "#0"},
				"east": {"uv": [4, 4, 6, 5.5], "texture": "#0"},
				"south": {"uv": [4.5, 7, 4.75, 8.5], "texture": "#0"},
				"west": {"uv": [5, 0, 7, 1.5], "texture": "#0"},
				"up": {"uv": [3.25, 8.5, 3, 6.5], "texture": "#0"},
				"down": {"uv": [3.5, 6.5, 3.25, 8.5], "texture": "#0"}
			}
		}
	],
	"display": {
		"thirdperson_righthand": {
			"translation": [5.75, 3, -2]
		},
		"thirdperson_lefthand": {
			"rotation": [0, 0, 180],
			"translation": [5.75, -5, -2]
		},
		"firstperson_righthand": {
			"translation": [1.5, 5, 0]
		},
		"firstperson_lefthand": {
			"rotation": [0, 0, 180],
			"translation": [1.5, -3, 0]
		},
		"ground": {
			"translation": [0, 5, 0]
		},
		"gui": {
			"rotation": [31, -127, 0],
			"translation": [0, 3, 0]
		},
		"fixed": {
			"rotation": [0, 89, 0],
			"translation": [0.25, 3.5, -3]
		}
	},
	"groups": [
		0,
		{
			"name": "group",
			"origin": [0, 0, 0],
			"color": 0,
			"children": [1, 2, 3]
		},
		4,
		5,
		6,
		7,
		8,
		9,
		10,
		11,
		12,
		13,
		14,
		15,
		16
	]
}