{
	"credit": "hecho por rleventisb en Blockbench!!!!!!",
	"texture_size": [32, 32],
	"textures": {
		"0": "item/martillo",
		"particle": "item/martillo"
	},
	"elements": [
		{
			"from": [7, 2, 3],
			"to": [9, 4, 8],
			"rotation": {"angle": 0, "axis": "x", "origin": [8, 1, 4]},
			"faces": {
				"north": {"uv": [12, 4, 11, 5], "rotation": 180, "texture": "#0"},
				"east": {"uv": [8, 10, 9, 12], "rotation": 270, "texture": "#0"},
				"south": {"uv": [4.5, 12, 3.5, 11], "texture": "#0"},
				"west": {"uv": [9, 10, 10, 12], "rotation": 90, "texture": "#0"},
				"up": {"uv": [10, 6, 11, 8], "rotation": 180, "texture": "#0"},
				"down": {"uv": [10, 8, 11, 10], "texture": "#0"}
			}
		},
		{
			"from": [6, 1, 1],
			"to": [10, 5, 3],
			"rotation": {"angle": 0, "axis": "x", "origin": [8, 1, 4]},
			"faces": {
				"north": {"uv": [10, 8, 8, 10], "rotation": 180, "texture": "#0"},
				"east": {"uv": [0, 11, 2, 12], "rotation": 270, "texture": "#0"},
				"south": {"uv": [10, 8, 8, 6], "texture": "#0"},
				"west": {"uv": [11, 1, 13, 2], "rotation": 90, "texture": "#0"},
				"up": {"uv": [10, 10, 12, 11], "rotation": 180, "texture": "#0"},
				"down": {"uv": [11, 0, 13, 1], "texture": "#0"}
			}
		},
		{
			"from": [6, 1, 8],
			"to": [10, 5, 9],
			"rotation": {"angle": 0, "axis": "x", "origin": [8, 1, 4]},
			"faces": {
				"north": {"uv": [4, 9, 2, 11], "rotation": 180, "texture": "#0"},
				"east": {"uv": [11, 5.5, 13, 6], "rotation": 270, "texture": "#0"},
				"south": {"uv": [2, 11, 0, 9], "texture": "#0"},
				"west": {"uv": [11, 6.5, 13, 7], "rotation": 90, "texture": "#0"},
				"up": {"uv": [11, 5, 13, 5.5], "rotation": 180, "texture": "#0"},
				"down": {"uv": [11, 6, 13, 6.5], "texture": "#0"}
			}
		},
		{
			"from": [3, 0, 9],
			"to": [14, 6, 15],
			"rotation": {"angle": 0, "axis": "x", "origin": [8, 1, 4]},
			"faces": {
				"north": {"uv": [11, 3, 5.5, 6], "rotation": 180, "texture": "#0"},
				"east": {"uv": [0, 6, 3, 9], "rotation": 270, "texture": "#0"},
				"south": {"uv": [11, 3, 5.5, 0], "texture": "#0"},
				"west": {"uv": [3, 6, 6, 9], "rotation": 90, "texture": "#0"},
				"up": {"uv": [0, 0, 5.5, 3], "rotation": 180, "texture": "#0"},
				"down": {"uv": [0, 3, 5.5, 6], "texture": "#0"}
			}
		},
		{
			"from": [2, 1, 10],
			"to": [3, 5, 14],
			"rotation": {"angle": 0, "axis": "x", "origin": [8, 1, 4]},
			"faces": {
				"north": {"uv": [11.5, 7, 11, 9], "rotation": 180, "texture": "#0"},
				"east": {"uv": [4, 9, 6, 11], "rotation": 270, "texture": "#0"},
				"south": {"uv": [6, 13, 5.5, 11], "texture": "#0"},
				"west": {"uv": [6, 10, 8, 12], "rotation": 90, "texture": "#0"},
				"up": {"uv": [4.5, 11, 5, 13], "rotation": 180, "texture": "#0"},
				"down": {"uv": [5, 11, 5.5, 13], "texture": "#0"}
			}
		},
		{
			"from": [14, 1, 10],
			"to": [15, 5, 14],
			"rotation": {"angle": 0, "axis": "x", "origin": [8, 1, 4]},
			"faces": {
				"north": {"uv": [3.5, 11, 3, 13], "rotation": 180, "texture": "#0"},
				"east": {"uv": [6, 6, 8, 8], "rotation": 270, "texture": "#0"},
				"south": {"uv": [3, 13, 2.5, 11], "texture": "#0"},
				"west": {"uv": [6, 8, 8, 10], "rotation": 90, "texture": "#0"},
				"up": {"uv": [2, 11, 2.5, 13], "rotation": 180, "texture": "#0"},
				"down": {"uv": [11, 2, 11.5, 4], "texture": "#0"}
			}
		}
	],
	"display": {
		"thirdperson_righthand": {
			"translation": [0, 4, 0],
			"scale": [0, 0, 0]
		},
		"thirdperson_lefthand": {
			"translation": [0, 4, 0],
			"scale": [0, 0, 0]
		},
		"firstperson_righthand": {
			"rotation": [11, 101, -52],
			"translation": [-5.25, 8.25, 2.75]
		},
		"firstperson_lefthand": {
			"rotation": [11, 101, -52],
			"translation": [-5.25, 8.25, 2.75]
		},
		"ground": {
			"translation": [0, 4.5, 0]
		},
		"gui": {
			"rotation": [-106, -36, 148],
			"translation": [-1, -1.5, 0]
		},
		"head": {
			"rotation": [-90, 0, 0],
			"translation": [0, 14, -5.75],
			"scale": [4, 1, 1]
		},
		"fixed": {
			"rotation": [-90, 0, 0],
			"translation": [0, 0, -6.75]
		}
	}
}