{
	"credit": "hecho por rleventisb en Blockbench!!!!!!",
	"texture_size": [32, 32],
	"textures": {
		"0": "item/martillo",
		"particle": "item/martillo"
	},
	"elements": [
		{
			"from": [7, 2, 7],
			"to": [9, 6, 9],
			"rotation": {"angle": 0, "axis": "y", "origin": [8, 1, 4]},
			"faces": {
				"north": {"uv": [10, 6, 11, 8], "texture": "#0"},
				"east": {"uv": [8, 10, 9, 12], "texture": "#0"},
				"south": {"uv": [10, 8, 11, 10], "texture": "#0"},
				"west": {"uv": [9, 10, 10, 12], "texture": "#0"},
				"up": {"uv": [4.5, 12, 3.5, 11], "texture": "#0"},
				"down": {"uv": [12, 4, 11, 5], "texture": "#0"}
			}
		},
		{
			"from": [6, 0, 6],
			"to": [10, 2, 10],
			"rotation": {"angle": 0, "axis": "y", "origin": [8, 1, 4]},
			"faces": {
				"north": {"uv": [10, 10, 12, 11], "texture": "#0"},
				"east": {"uv": [0, 11, 2, 12], "texture": "#0"},
				"south": {"uv": [11, 0, 13, 1], "texture": "#0"},
				"west": {"uv": [11, 1, 13, 2], "texture": "#0"},
				"up": {"uv": [10, 8, 8, 6], "texture": "#0"},
				"down": {"uv": [10, 8, 8, 10], "texture": "#0"}
			}
		},
		{
			"from": [6, 6, 6],
			"to": [10, 7, 10],
			"rotation": {"angle": 0, "axis": "y", "origin": [8, 1, 4]},
			"faces": {
				"north": {"uv": [11, 5, 13, 5.5], "texture": "#0"},
				"east": {"uv": [11, 5.5, 13, 6], "texture": "#0"},
				"south": {"uv": [11, 6, 13, 6.5], "texture": "#0"},
				"west": {"uv": [11, 6.5, 13, 7], "texture": "#0"},
				"up": {"uv": [2, 11, 0, 9], "texture": "#0"},
				"down": {"uv": [4, 9, 2, 11], "texture": "#0"}
			}
		},
		{
			"from": [3, 7, 5],
			"to": [14, 13, 11],
			"rotation": {"angle": 0, "axis": "y", "origin": [8, 1, 4]},
			"faces": {
				"north": {"uv": [0, 0, 5.5, 3], "texture": "#0"},
				"east": {"uv": [0, 6, 3, 9], "texture": "#0"},
				"south": {"uv": [0, 3, 5.5, 6], "texture": "#0"},
				"west": {"uv": [3, 6, 6, 9], "texture": "#0"},
				"up": {"uv": [11, 3, 5.5, 0], "texture": "#0"},
				"down": {"uv": [11, 3, 5.5, 6], "texture": "#0"}
			}
		},
		{
			"from": [2, 8, 6],
			"to": [3, 12, 10],
			"rotation": {"angle": 0, "axis": "y", "origin": [8, 1, 4]},
			"faces": {
				"north": {"uv": [4.5, 11, 5, 13], "texture": "#0"},
				"east": {"uv": [4, 9, 6, 11], "texture": "#0"},
				"south": {"uv": [5, 11, 5.5, 13], "texture": "#0"},
				"west": {"uv": [6, 10, 8, 12], "texture": "#0"},
				"up": {"uv": [6, 13, 5.5, 11], "texture": "#0"},
				"down": {"uv": [11.5, 7, 11, 9], "texture": "#0"}
			}
		},
		{
			"from": [14, 8, 6],
			"to": [15, 12, 10],
			"rotation": {"angle": 0, "axis": "y", "origin": [8, 1, 4]},
			"faces": {
				"north": {"uv": [2, 11, 2.5, 13], "texture": "#0"},
				"east": {"uv": [6, 6, 8, 8], "texture": "#0"},
				"south": {"uv": [11, 2, 11.5, 4], "texture": "#0"},
				"west": {"uv": [6, 8, 8, 10], "texture": "#0"},
				"up": {"uv": [3, 13, 2.5, 11], "texture": "#0"},
				"down": {"uv": [3.5, 11, 3, 13], "texture": "#0"}
			}
		}
	],
	"display": {
		"thirdperson_righthand": {
			"translation": [0, 4, 0],
			"scale": [1.5, 1.5, 1.5]
		},
		"thirdperson_lefthand": {
			"translation": [0, 4, 0],
			"scale": [1.5, 1.5, 1.5]
		},
		"firstperson_righthand": {
			"rotation": [0, 0, -75],
			"translation": [1.5, 1.75, 2.25],
			"scale": [1.5, 1.5, 1.5]
		},
		"firstperson_lefthand": {
			"rotation": [0, 0, -75],
			"translation": [1.5, 1.75, 2.25],
			"scale": [1.5, 1.5, 1.5]
		},
		"ground": {
			"translation": [0, 2.5, 0]
		},
		"gui": {
			"rotation": [27, -36, 0]
		},
		"head": {
			"translation": [0, 14, 0],
			"scale": [4, 1, 1]
		}
	}
}