{
	"credit": "hecho por rleventisb en Blockbench!!!!!!",
	"texture_size": [32, 32],
	"textures": {
		"0": "item/pistolaelm0",
		"particle": "item/pistolaelm0"
	},
	"elements": [
		{
			"from": [6, 4, 1],
			"to": [10, 8, 12],
			"rotation": {"angle": 0, "axis": "y", "origin": [0, 0, 16]},
			"faces": {
				"north": {"uv": [7.5, 0, 5.5, 2], "texture": "#0"},
				"east": {"uv": [5.5, 0, 0, 2], "texture": "#0"},
				"south": {"uv": [6, 4, 4, 6], "texture": "#0"},
				"west": {"uv": [5.5, 2, 0, 4], "texture": "#0"},
				"up": {"uv": [2, 4, 0, 9.5], "texture": "#0"},
				"down": {"uv": [4, 9.5, 2, 4], "texture": "#0"}
			}
		},
		{
			"from": [6, 0, 12],
			"to": [10, 8, 14],
			"rotation": {"angle": 0, "axis": "y", "origin": [0, 0, 16]},
			"faces": {
				"north": {"uv": [6, 6, 4, 10], "texture": "#0"},
				"east": {"uv": [7, 6, 6, 10], "texture": "#0"},
				"south": {"uv": [8, 2, 6, 6], "texture": "#0"},
				"west": {"uv": [8, 6, 7, 10], "texture": "#0"},
				"up": {"uv": [9.5, 0, 7.5, 1], "texture": "#0"},
				"down": {"uv": [9.5, 2, 7.5, 1], "texture": "#0"}
			}
		},
		{
			"from": [7, 2, 9],
			"to": [9, 4, 10],
			"rotation": {"angle": 0, "axis": "y", "origin": [0, 0, 16]},
			"faces": {
				"north": {"uv": [9, 3, 8, 4], "texture": "#0"},
				"east": {"uv": [6, 2, 5.5, 3], "texture": "#0"},
				"south": {"uv": [9, 2, 8, 3], "texture": "#0"},
				"west": {"uv": [6, 3, 5.5, 4], "texture": "#0"},
				"up": {"uv": [9, 6, 8, 6.5], "texture": "#0"},
				"down": {"uv": [9, 7, 8, 6.5], "texture": "#0"}
			}
		},
		{
			"from": [7.5, 3, 11],
			"to": [8.5, 4, 12],
			"rotation": {"angle": 0, "axis": "y", "origin": [0, 0, 16]},
			"faces": {
				"north": {"uv": [9, 3, 8, 4], "texture": "#0"},
				"east": {"uv": [6, 2, 5.5, 3], "texture": "#0"},
				"south": {"uv": [9, 2, 8, 3], "texture": "#0"},
				"west": {"uv": [6, 3, 5.5, 4], "texture": "#0"},
				"up": {"uv": [9, 6, 8, 6.5], "texture": "#0"},
				"down": {"uv": [9, 7, 8, 6.5], "texture": "#0"}
			}
		},
		{
			"from": [7, 1, 10],
			"to": [9, 2, 12],
			"rotation": {"angle": 0, "axis": "y", "origin": [0, 0, 16]},
			"faces": {
				"north": {"uv": [9, 8, 8, 8.5], "texture": "#0"},
				"east": {"uv": [9, 7.5, 8, 8], "texture": "#0"},
				"south": {"uv": [9, 7, 8, 7.5], "texture": "#0"},
				"west": {"uv": [9, 8.5, 8, 9], "texture": "#0"},
				"up": {"uv": [9, 4, 8, 5], "texture": "#0"},
				"down": {"uv": [9, 6, 8, 5], "texture": "#0"}
			}
		}
	],
	"display": {
		"thirdperson_righthand": {
			"translation": [0, 4, -2],
			"scale": [0.7, 0.7, 0.7]
		},
		"thirdperson_lefthand": {
			"translation": [0, 4, -2],
			"scale": [0.7, 0.7, 0.7]
		},
		"firstperson_righthand": {
			"translation": [-3.25, 7, 0]
		},
		"firstperson_lefthand": {
			"translation": [-3.25, 7, 0]
		},
		"ground": {
			"translation": [0, 5, 0]
		},
		"gui": {
			"rotation": [13, -130, 0],
			"translation": [0, 2.25, 0]
		},
		"head": {
			"translation": [0, 14, 0]
		},
		"fixed": {
			"rotation": [0, 90, 0],
			"translation": [0, 3.5, -1.25]
		}
	}
}