{
	"credit": "hecho por rleventisb en Blockbench!!!!!!",
	"texture_size": [32, 32],
	"textures": {
		"0": "item/rifleyuca",
		"particle": "item/rifleyuca"
	},
	"elements": [
		{
			"from": [7, 2, 11],
			"to": [9, 4, 13],
			"faces": {
				"north": {"uv": [1, 5.5, 2, 6.5], "texture": "#0"},
				"east": {"uv": [6, 0, 7, 1], "texture": "#0"},
				"south": {"uv": [6, 1, 7, 2], "texture": "#0"},
				"west": {"uv": [6, 3, 7, 4], "texture": "#0"},
				"up": {"uv": [5, 7, 4, 6], "texture": "#0"},
				"down": {"uv": [7, 4, 6, 5], "texture": "#0"}
			}
		},
		{
			"from": [7, 1, 13],
			"to": [9, 4, 14],
			"faces": {
				"north": {"uv": [2, 5, 3, 6.5], "texture": "#0"},
				"east": {"uv": [7, 5, 7.5, 6.5], "texture": "#0"},
				"south": {"uv": [3, 5, 4, 6.5], "texture": "#0"},
				"west": {"uv": [6, 7, 6.5, 8.5], "texture": "#0"},
				"up": {"uv": [6, 2, 5, 1.5], "texture": "#0"},
				"down": {"uv": [1, 7.5, 0, 8], "texture": "#0"}
			}
		},
		{
			"from": [7, 1, 9],
			"to": [9, 3, 11],
			"faces": {
				"north": {"uv": [2, 6.5, 3, 7.5], "texture": "#0"},
				"east": {"uv": [3, 6.5, 4, 7.5], "texture": "#0"},
				"south": {"uv": [7, 0, 8, 1], "texture": "#0"},
				"west": {"uv": [7, 1, 8, 2], "texture": "#0"},
				"up": {"uv": [8, 4, 7, 3], "texture": "#0"},
				"down": {"uv": [5, 7, 4, 8], "texture": "#0"}
			}
		},
		{
			"from": [7, 0, 11],
			"to": [9, 2, 12],
			"faces": {
				"north": {"uv": [7, 4, 8, 5], "texture": "#0"},
				"east": {"uv": [1, 7.5, 1.5, 8.5], "texture": "#0"},
				"south": {"uv": [5, 7, 6, 8], "texture": "#0"},
				"west": {"uv": [1.5, 7.5, 2, 8.5], "texture": "#0"},
				"up": {"uv": [3, 8, 2, 7.5], "texture": "#0"},
				"down": {"uv": [8.5, 2, 7.5, 2.5], "texture": "#0"}
			}
		},
		{
			"from": [7, 0, 14],
			"to": [9, 3, 16],
			"faces": {
				"north": {"uv": [1, 4, 2, 5.5], "texture": "#0"},
				"east": {"uv": [4, 3, 5, 4.5], "texture": "#0"},
				"south": {"uv": [4, 4.5, 5, 6], "texture": "#0"},
				"west": {"uv": [5, 0, 6, 1.5], "texture": "#0"},
				"up": {"uv": [7, 7, 6, 6], "texture": "#0"},
				"down": {"uv": [2, 6.5, 1, 7.5], "texture": "#0"}
			}
		},
		{
			"from": [7, 2, 3],
			"to": [9, 4, 9],
			"faces": {
				"north": {"uv": [5, 6, 6, 7], "texture": "#0"},
				"east": {"uv": [2, 0, 5, 1], "texture": "#0"},
				"south": {"uv": [6, 5, 7, 6], "texture": "#0"},
				"west": {"uv": [2, 1, 5, 2], "texture": "#0"},
				"up": {"uv": [3, 5, 2, 2], "texture": "#0"},
				"down": {"uv": [4, 2, 3, 5], "texture": "#0"}
			}
		},
		{
			"from": [7, 3, 0],
			"to": [9, 4, 3],
			"faces": {
				"north": {"uv": [7.5, 2.5, 8.5, 3], "texture": "#0"},
				"east": {"uv": [6.5, 7, 8, 7.5], "texture": "#0"},
				"south": {"uv": [3, 7.5, 4, 8], "texture": "#0"},
				"west": {"uv": [7, 6.5, 8.5, 7], "texture": "#0"},
				"up": {"uv": [6, 4.5, 5, 3], "texture": "#0"},
				"down": {"uv": [6, 4.5, 5, 6], "texture": "#0"}
			}
		},
		{
			"from": [7.5, 5, 2],
			"to": [8.5, 6, 9],
			"faces": {
				"north": {"uv": [7.5, 5, 8, 5.5], "texture": "#0"},
				"east": {"uv": [4, 2, 7.5, 2.5], "texture": "#0"},
				"south": {"uv": [7.5, 5.5, 8, 6], "texture": "#0"},
				"west": {"uv": [4, 2.5, 7.5, 3], "texture": "#0"},
				"up": {"uv": [0.5, 7.5, 0, 4], "texture": "#0"},
				"down": {"uv": [1, 4, 0.5, 7.5], "texture": "#0"}
			}
		},
		{
			"from": [6, 1.5, -0.001],
			"to": [10, 5.5, -0.001],
			"faces": {
				"north": {"uv": [0, 0, 2, 2], "texture": "#0"},
				"east": {"uv": [0, 0, 0, 2], "texture": "#0"},
				"south": {"uv": [0, 0, 2, 2], "texture": "#0"},
				"west": {"uv": [0, 0, 0, 2], "texture": "#0"},
				"up": {"uv": [2, 0, 0, 0], "texture": "#0"},
				"down": {"uv": [2, 0, 0, 0], "texture": "#0"}
			}
		},
		{
			"from": [7.5, 4, 7],
			"to": [8.5, 5, 8],
			"rotation": {"angle": 0, "axis": "y", "origin": [7.5, 5, 8]},
			"faces": {
				"north": {"uv": [0, 2, 0.5, 2.5], "texture": "#0"},
				"east": {"uv": [0.5, 2, 1, 2.5], "texture": "#0"},
				"south": {"uv": [1, 2, 1.5, 2.5], "texture": "#0"},
				"west": {"uv": [1.5, 2, 2, 2.5], "texture": "#0"},
				"up": {"uv": [0.5, 3, 0, 2.5], "texture": "#0"},
				"down": {"uv": [1, 2.5, 0.5, 3], "texture": "#0"}
			}
		}
	],
	"display": {
		"thirdperson_righthand": {
			"translation": [0, 7.75, -2.5]
		},
		"thirdperson_lefthand": {
			"translation": [0, 7.75, -2.5]
		},
		"firstperson_righthand": {
			"translation": [-3.25, 8.25, 0]
		},
		"firstperson_lefthand": {
			"translation": [-3.25, 8.25, 0]
		},
		"ground": {
			"translation": [0, 5, 0]
		},
		"gui": {
			"rotation": [13, -130, 0],
			"translation": [0, 2.25, 0]
		},
		"head": {
			"translation": [0, 15, 0]
		},
		"fixed": {
			"rotation": [0, 90, 0],
			"translation": [0, 3.5, -1.25]
		}
	}
}