{
	"credit": "malditos putos hijo de puta Made with blockbench!!!!! mc.universocraft.com",
	"texture_size": [64, 64],
	"textures": {
		"0": "shogun",
		"particle": "shogun"
	},
	"elements": [
		{
			"from": [2, 2, 1],
			"to": [6, 6, 15],
			"faces": {
				"north": {"uv": [0, 5.5, 1, 6.5], "texture": "#0"},
				"east": {"uv": [0, 0, 3.5, 1], "texture": "#0"},
				"south": {"uv": [1, 5.5, 2, 6.5], "texture": "#0"},
				"west": {"uv": [0, 1, 3.5, 2], "texture": "#0"},
				"up": {"uv": [1, 5.5, 0, 2], "texture": "#0"},
				"down": {"uv": [2, 2, 1, 5.5], "texture": "#0"}
			}
		},
		{
			"from": [5, 2, 0],
			"to": [6, 6, 1],
			"faces": {
				"north": {"uv": [7, 1, 7.25, 2], "texture": "#0"},
				"east": {"uv": [4, 7, 4.25, 8], "texture": "#0"},
				"south": {"uv": [4.25, 7, 4.5, 8], "texture": "#0"},
				"west": {"uv": [4.5, 7, 4.75, 8], "texture": "#0"},
				"up": {"uv": [2, 8, 1.75, 7.75], "texture": "#0"},
				"down": {"uv": [1, 8, 0.75, 8.25], "texture": "#0"}
			}
		},
		{
			"from": [13, 2, 0],
			"to": [14, 6, 1],
			"faces": {
				"north": {"uv": [4.75, 7, 5, 8], "texture": "#0"},
				"east": {"uv": [5, 7, 5.25, 8], "texture": "#0"},
				"south": {"uv": [5.25, 7, 5.5, 8], "texture": "#0"},
				"west": {"uv": [5.5, 7, 5.75, 8], "texture": "#0"},
				"up": {"uv": [1.25, 8.25, 1, 8], "texture": "#0"},
				"down": {"uv": [1.5, 8, 1.25, 8.25], "texture": "#0"}
			}
		},
		{
			"from": [10, 2, 0],
			"to": [11, 6, 1],
			"faces": {
				"north": {"uv": [5.75, 7, 6, 8], "texture": "#0"},
				"east": {"uv": [6, 7, 6.25, 8], "texture": "#0"},
				"south": {"uv": [7, 6, 7.25, 7], "texture": "#0"},
				"west": {"uv": [6.25, 7, 6.5, 8], "texture": "#0"},
				"up": {"uv": [1.75, 8.25, 1.5, 8], "texture": "#0"},
				"down": {"uv": [2, 8, 1.75, 8.25], "texture": "#0"}
			}
		},
		{
			"from": [2, 2, 0],
			"to": [3, 6, 1],
			"faces": {
				"north": {"uv": [6.5, 7, 6.75, 8], "texture": "#0"},
				"east": {"uv": [6.75, 7, 7, 8], "texture": "#0"},
				"south": {"uv": [7, 7, 7.25, 8], "texture": "#0"},
				"west": {"uv": [7.25, 1, 7.5, 2], "texture": "#0"},
				"up": {"uv": [4.25, 8.25, 4, 8], "texture": "#0"},
				"down": {"uv": [4.5, 8, 4.25, 8.25], "texture": "#0"}
			}
		},
		{
			"from": [3, 2, 0],
			"to": [5, 3, 1],
			"faces": {
				"north": {"uv": [0.75, 7.75, 1.25, 8], "texture": "#0"},
				"east": {"uv": [4.5, 8, 4.75, 8.25], "texture": "#0"},
				"south": {"uv": [1.25, 7.75, 1.75, 8], "texture": "#0"},
				"west": {"uv": [4.75, 8, 5, 8.25], "texture": "#0"},
				"up": {"uv": [8.25, 2.25, 7.75, 2], "texture": "#0"},
				"down": {"uv": [8.25, 2.25, 7.75, 2.5], "texture": "#0"}
			}
		},
		{
			"from": [3, 5, 0],
			"to": [5, 6, 1],
			"faces": {
				"north": {"uv": [7.75, 2.5, 8.25, 2.75], "texture": "#0"},
				"east": {"uv": [5, 8, 5.25, 8.25], "texture": "#0"},
				"south": {"uv": [7.75, 2.75, 8.25, 3], "texture": "#0"},
				"west": {"uv": [5.25, 8, 5.5, 8.25], "texture": "#0"},
				"up": {"uv": [8.25, 3.25, 7.75, 3], "texture": "#0"},
				"down": {"uv": [8.25, 3.25, 7.75, 3.5], "texture": "#0"}
			}
		},
		{
			"from": [3, 6, 1],
			"to": [5, 7, 2],
			"faces": {
				"north": {"uv": [7.75, 3.5, 8.25, 3.75], "texture": "#0"},
				"east": {"uv": [5.5, 8, 5.75, 8.25], "texture": "#0"},
				"south": {"uv": [7.75, 3.75, 8.25, 4], "texture": "#0"},
				"west": {"uv": [5.75, 8, 6, 8.25], "texture": "#0"},
				"up": {"uv": [8.25, 4.25, 7.75, 4], "texture": "#0"},
				"down": {"uv": [8.25, 4.25, 7.75, 4.5], "texture": "#0"}
			}
		},
		{
			"from": [11, 6, 1],
			"to": [13, 7, 2],
			"faces": {
				"north": {"uv": [7.75, 4.5, 8.25, 4.75], "texture": "#0"},
				"east": {"uv": [6, 8, 6.25, 8.25], "texture": "#0"},
				"south": {"uv": [7.75, 4.75, 8.25, 5], "texture": "#0"},
				"west": {"uv": [6.25, 8, 6.5, 8.25], "texture": "#0"},
				"up": {"uv": [8.25, 5.25, 7.75, 5], "texture": "#0"},
				"down": {"uv": [8.25, 5.25, 7.75, 5.5], "texture": "#0"}
			}
		},
		{
			"from": [11, 5, 0],
			"to": [13, 6, 1],
			"faces": {
				"north": {"uv": [7.75, 5.5, 8.25, 5.75], "texture": "#0"},
				"east": {"uv": [6.5, 8, 6.75, 8.25], "texture": "#0"},
				"south": {"uv": [7.75, 5.75, 8.25, 6], "texture": "#0"},
				"west": {"uv": [6.75, 8, 7, 8.25], "texture": "#0"},
				"up": {"uv": [8.25, 6.25, 7.75, 6], "texture": "#0"},
				"down": {"uv": [8.25, 6.25, 7.75, 6.5], "texture": "#0"}
			}
		},
		{
			"from": [11, 2, 0],
			"to": [13, 3, 1],
			"faces": {
				"north": {"uv": [7.75, 6.5, 8.25, 6.75], "texture": "#0"},
				"east": {"uv": [7, 8, 7.25, 8.25], "texture": "#0"},
				"south": {"uv": [7.75, 6.75, 8.25, 7], "texture": "#0"},
				"west": {"uv": [7.75, 8, 8, 8.25], "texture": "#0"},
				"up": {"uv": [8.25, 7.75, 7.75, 7.5], "texture": "#0"},
				"down": {"uv": [8.25, 7.75, 7.75, 8], "texture": "#0"}
			}
		},
		{
			"from": [10, 2, 1],
			"to": [14, 6, 15],
			"faces": {
				"north": {"uv": [5.5, 2, 6.5, 3], "texture": "#0"},
				"east": {"uv": [2, 2, 5.5, 3], "texture": "#0"},
				"south": {"uv": [5.5, 3, 6.5, 4], "texture": "#0"},
				"west": {"uv": [2, 3, 5.5, 4], "texture": "#0"},
				"up": {"uv": [3, 7.5, 2, 4], "texture": "#0"},
				"down": {"uv": [4, 4, 3, 7.5], "texture": "#0"}
			}
		},
		{
			"from": [6, 3, 8],
			"to": [10, 5, 10],
			"faces": {
				"north": {"uv": [6.5, 3, 7.5, 3.5], "texture": "#0"},
				"east": {"uv": [7.25, 6, 7.75, 6.5], "texture": "#0"},
				"south": {"uv": [6.5, 3.5, 7.5, 4], "texture": "#0"},
				"west": {"uv": [7.25, 6.5, 7.75, 7], "texture": "#0"},
				"up": {"uv": [7.5, 4.5, 6.5, 4], "texture": "#0"},
				"down": {"uv": [7.5, 4.5, 6.5, 5], "texture": "#0"}
			}
		},
		{
			"from": [1.5, 1.5, 7],
			"to": [6.5, 2, 11],
			"faces": {
				"north": {"uv": [6.5, 5, 7.75, 5.25], "texture": "#0"},
				"east": {"uv": [7.25, 7, 8.25, 7.25], "texture": "#0"},
				"south": {"uv": [6.5, 5.25, 7.75, 5.5], "texture": "#0"},
				"west": {"uv": [7.25, 7.25, 8.25, 7.5], "texture": "#0"},
				"up": {"uv": [4.75, 1, 3.5, 0], "texture": "#0"},
				"down": {"uv": [4.75, 1, 3.5, 2], "texture": "#0"}
			}
		},
		{
			"from": [9.5, 1.5, 7],
			"to": [14.5, 2, 11],
			"faces": {
				"north": {"uv": [6.5, 5.5, 7.75, 5.75], "texture": "#0"},
				"east": {"uv": [0, 7.5, 1, 7.75], "texture": "#0"},
				"south": {"uv": [6.5, 5.75, 7.75, 6], "texture": "#0"},
				"west": {"uv": [1, 7.5, 2, 7.75], "texture": "#0"},
				"up": {"uv": [5.25, 5, 4, 4], "texture": "#0"},
				"down": {"uv": [6, 0, 4.75, 1], "texture": "#0"}
			}
		},
		{
			"from": [9.5, 6, 7],
			"to": [14.5, 6.5, 11],
			"faces": {
				"north": {"uv": [7, 0, 8.25, 0.25], "texture": "#0"},
				"east": {"uv": [7.5, 1, 8.5, 1.25], "texture": "#0"},
				"south": {"uv": [7, 0.25, 8.25, 0.5], "texture": "#0"},
				"west": {"uv": [7.5, 1.25, 8.5, 1.5], "texture": "#0"},
				"up": {"uv": [6, 2, 4.75, 1], "texture": "#0"},
				"down": {"uv": [5.25, 5, 4, 6], "texture": "#0"}
			}
		},
		{
			"from": [1.5, 6, 7],
			"to": [6.5, 6.5, 11],
			"faces": {
				"north": {"uv": [7, 0.5, 8.25, 0.75], "texture": "#0"},
				"east": {"uv": [7.5, 1.5, 8.5, 1.75], "texture": "#0"},
				"south": {"uv": [7, 0.75, 8.25, 1], "texture": "#0"},
				"west": {"uv": [7.5, 1.75, 8.5, 2], "texture": "#0"},
				"up": {"uv": [6.5, 5, 5.25, 4], "texture": "#0"},
				"down": {"uv": [6.5, 5, 5.25, 6], "texture": "#0"}
			}
		},
		{
			"from": [6, 2, 7],
			"to": [6.5, 6, 11],
			"faces": {
				"north": {"uv": [2, 7.5, 2.25, 8.5], "texture": "#0"},
				"east": {"uv": [6, 0, 7, 1], "texture": "#0"},
				"south": {"uv": [7.5, 2, 7.75, 3], "texture": "#0"},
				"west": {"uv": [6, 1, 7, 2], "texture": "#0"},
				"up": {"uv": [2.5, 8.5, 2.25, 7.5], "texture": "#0"},
				"down": {"uv": [2.75, 7.5, 2.5, 8.5], "texture": "#0"}
			}
		},
		{
			"from": [1.5, 2, 7],
			"to": [2, 6, 11],
			"faces": {
				"north": {"uv": [2.75, 7.5, 3, 8.5], "texture": "#0"},
				"east": {"uv": [4, 6, 5, 7], "texture": "#0"},
				"south": {"uv": [3, 7.5, 3.25, 8.5], "texture": "#0"},
				"west": {"uv": [5, 6, 6, 7], "texture": "#0"},
				"up": {"uv": [7.75, 4, 7.5, 3], "texture": "#0"},
				"down": {"uv": [3.5, 7.5, 3.25, 8.5], "texture": "#0"}
			}
		},
		{
			"from": [9.5, 2, 7],
			"to": [10, 6, 11],
			"faces": {
				"north": {"uv": [3.5, 7.5, 3.75, 8.5], "texture": "#0"},
				"east": {"uv": [6, 6, 7, 7], "texture": "#0"},
				"south": {"uv": [3.75, 7.5, 4, 8.5], "texture": "#0"},
				"west": {"uv": [0, 6.5, 1, 7.5], "texture": "#0"},
				"up": {"uv": [7.75, 5, 7.5, 4], "texture": "#0"},
				"down": {"uv": [7.5, 7.5, 7.25, 8.5], "texture": "#0"}
			}
		},
		{
			"from": [14, 2, 7],
			"to": [14.5, 6, 11],
			"faces": {
				"north": {"uv": [7.5, 7.5, 7.75, 8.5], "texture": "#0"},
				"east": {"uv": [1, 6.5, 2, 7.5], "texture": "#0"},
				"south": {"uv": [0, 7.75, 0.25, 8.75], "texture": "#0"},
				"west": {"uv": [6.5, 2, 7.5, 3], "texture": "#0"},
				"up": {"uv": [0.5, 8.75, 0.25, 7.75], "texture": "#0"},
				"down": {"uv": [0.75, 7.75, 0.5, 8.75], "texture": "#0"}
			}
		}
	],
	"display": {
		"thirdperson_righthand": {
			"translation": [0, 2, -1]
		},
		"thirdperson_lefthand": {
			"translation": [0, 2, -1]
		},
		"firstperson_righthand": {
			"translation": [1.75, 5.5, 0.75]
		},
		"firstperson_lefthand": {
			"translation": [1.75, 5.5, 0.75]
		},
		"ground": {
			"translation": [0, 3.75, 0]
		},
		"gui": {
			"rotation": [13, -130, 0],
			"translation": [0, 2.25, 0],
			"scale": [0.7, 0.7, 0.7]
		},
		"head": {
			"translation": [0, 3, 0],
			"scale": [1, 1, 1.29]
		},
		"fixed": {
			"rotation": [0, 90, 0],
			"translation": [0, 3.5, -5]
		}
	}
}