{
	"credit": "malditos putos hijo de puta Made with blockbench!!!!! mc.universocraft.com",
	"texture_size": [128, 128],
	"textures": {
		"0": "vanity/avion",
		"particle": "vanity/avion"
	},
	"elements": [
		{
			"from": [1, 0, -6],
			"to": [15, 2, 14],
			"faces": {
				"north": {"uv": [10.625, 8.75, 12.375, 9], "texture": "#0"},
				"east": {"uv": [10.25, 4.875, 12.75, 5.125], "texture": "#0"},
				"south": {"uv": [10.625, 9, 12.375, 9.25], "texture": "#0"},
				"west": {"uv": [10.25, 5.125, 12.75, 5.375], "texture": "#0"},
				"up": {"uv": [1.75, 6.25, 0, 3.75], "texture": "#0"},
				"down": {"uv": [3.5, 3.75, 1.75, 6.25], "texture": "#0"}
			}
		},
		{
			"from": [1, 1, 14],
			"to": [15, 3, 19],
			"faces": {
				"north": {"uv": [10.625, 9.25, 12.375, 9.5], "texture": "#0"},
				"east": {"uv": [2.75, 8.75, 3.375, 9], "texture": "#0"},
				"south": {"uv": [9.5, 10.625, 11.25, 10.875], "texture": "#0"},
				"west": {"uv": [12.375, 9.625, 13, 9.875], "texture": "#0"},
				"up": {"uv": [10.5, 1.625, 8.75, 1], "texture": "#0"},
				"down": {"uv": [10.5, 6.25, 8.75, 6.875], "texture": "#0"}
			}
		},
		{
			"from": [1, 2, 19],
			"to": [15, 4, 24],
			"faces": {
				"north": {"uv": [10.625, 9.5, 12.375, 9.75], "texture": "#0"},
				"east": {"uv": [12.375, 11.875, 13, 12.125], "texture": "#0"},
				"south": {"uv": [10.625, 9.75, 12.375, 10], "texture": "#0"},
				"west": {"uv": [12.5, 1, 13.125, 1.25], "texture": "#0"},
				"up": {"uv": [10.625, 9.375, 8.875, 8.75], "texture": "#0"},
				"down": {"uv": [4.5, 9, 2.75, 9.625], "texture": "#0"}
			}
		},
		{
			"from": [1, 3, 24],
			"to": [15, 5, 27],
			"faces": {
				"north": {"uv": [10.875, 1.5, 12.625, 1.75], "texture": "#0"},
				"east": {"uv": [1, 11.625, 1.375, 11.875], "texture": "#0"},
				"south": {"uv": [10.875, 1.75, 12.625, 2], "texture": "#0"},
				"west": {"uv": [12.5, 11.125, 12.875, 11.375], "texture": "#0"},
				"up": {"uv": [4.25, 10.625, 2.5, 10.25], "texture": "#0"},
				"down": {"uv": [12, 2.625, 10.25, 3], "texture": "#0"}
			}
		},
		{
			"from": [2, 4, 27],
			"to": [14, 5, 29],
			"faces": {
				"north": {"uv": [7.375, 5.25, 8.75, 5.375], "texture": "#0"},
				"east": {"uv": [5.25, 7, 5.5, 7.125], "texture": "#0"},
				"south": {"uv": [12.375, 9, 13.75, 9.125], "texture": "#0"},
				"west": {"uv": [9.375, 6.875, 9.625, 7], "texture": "#0"},
				"up": {"uv": [12.5, 6.125, 11.125, 5.875], "texture": "#0"},
				"down": {"uv": [10.875, 11.125, 9.5, 11.375], "texture": "#0"}
			}
		},
		{
			"from": [2, 5, 28],
			"to": [14, 6, 29],
			"faces": {
				"north": {"uv": [12.375, 9.125, 13.75, 9.25], "texture": "#0"},
				"east": {"uv": [5.375, 3.625, 5.5, 3.75], "texture": "#0"},
				"south": {"uv": [12.375, 9.25, 13.75, 9.375], "texture": "#0"},
				"west": {"uv": [7.25, 3.5, 7.375, 3.625], "texture": "#0"},
				"up": {"uv": [13.75, 9.5, 12.375, 9.375], "texture": "#0"},
				"down": {"uv": [13.75, 9.5, 12.375, 9.625], "texture": "#0"}
			}
		},
		{
			"from": [1, 6, 28],
			"to": [15, 13, 30],
			"faces": {
				"north": {"uv": [5, 8.75, 6.625, 9.625], "texture": "#0"},
				"east": {"uv": [12, 3.125, 12.25, 4], "texture": "#0"},
				"south": {"uv": [8.75, 5.375, 10.375, 6.25], "texture": "#0"},
				"west": {"uv": [12, 4, 12.25, 4.875], "texture": "#0"},
				"up": {"uv": [8.625, 1.875, 7, 1.625], "texture": "#0"},
				"down": {"uv": [12.625, 0.25, 11, 0.5], "texture": "#0"}
			}
		},
		{
			"from": [1, 12, 24],
			"to": [15, 13, 27],
			"faces": {
				"north": {"uv": [12, 7.625, 13.75, 7.75], "texture": "#0"},
				"east": {"uv": [5, 3.625, 5.375, 3.75], "texture": "#0"},
				"south": {"uv": [12, 7.75, 13.75, 7.875], "texture": "#0"},
				"west": {"uv": [6.875, 3.5, 7.25, 3.625], "texture": "#0"},
				"up": {"uv": [12, 3.375, 10.25, 3], "texture": "#0"},
				"down": {"uv": [12, 3.375, 10.25, 3.75], "texture": "#0"}
			}
		},
		{
			"from": [1, 13, 19],
			"to": [15, 14, 24],
			"faces": {
				"north": {"uv": [12, 7.875, 13.75, 8], "texture": "#0"},
				"east": {"uv": [12.625, 10.375, 13.25, 10.5], "texture": "#0"},
				"south": {"uv": [12, 8, 13.75, 8.125], "texture": "#0"},
				"west": {"uv": [12.625, 10.5, 13.25, 10.625], "texture": "#0"},
				"up": {"uv": [10.625, 10, 8.875, 9.375], "texture": "#0"},
				"down": {"uv": [4.5, 9.625, 2.75, 10.25], "texture": "#0"}
			}
		},
		{
			"from": [1, 14, 14],
			"to": [15, 15, 19],
			"faces": {
				"north": {"uv": [11.375, 12.125, 13.125, 12.25], "texture": "#0"},
				"east": {"uv": [12.625, 10.625, 13.25, 10.75], "texture": "#0"},
				"south": {"uv": [0, 12.25, 1.75, 12.375], "texture": "#0"},
				"west": {"uv": [12.625, 10.75, 13.25, 10.875], "texture": "#0"},
				"up": {"uv": [6.25, 10.25, 4.5, 9.625], "texture": "#0"},
				"down": {"uv": [11.375, 6.875, 9.625, 7.5], "texture": "#0"}
			}
		},
		{
			"from": [1, 15, 11],
			"to": [15, 16, 14],
			"faces": {
				"north": {"uv": [12.25, 3.125, 14, 3.25], "texture": "#0"},
				"east": {"uv": [6.25, 9.625, 6.625, 9.75], "texture": "#0"},
				"south": {"uv": [12.25, 3.25, 14, 3.375], "texture": "#0"},
				"west": {"uv": [10.5, 1.5, 10.875, 1.625], "texture": "#0"},
				"up": {"uv": [12, 4.125, 10.25, 3.75], "texture": "#0"},
				"down": {"uv": [12, 4.125, 10.25, 4.5], "texture": "#0"}
			}
		},
		{
			"from": [1, 15, -6],
			"to": [15, 16, -3],
			"faces": {
				"north": {"uv": [12.25, 3.375, 14, 3.5], "texture": "#0"},
				"east": {"uv": [12.625, 10.875, 13, 11], "texture": "#0"},
				"south": {"uv": [12.25, 3.5, 14, 3.625], "texture": "#0"},
				"west": {"uv": [12.75, 6.375, 13.125, 6.5], "texture": "#0"},
				"up": {"uv": [6, 10.625, 4.25, 10.25], "texture": "#0"},
				"down": {"uv": [12, 4.5, 10.25, 4.875], "texture": "#0"}
			}
		},
		{
			"from": [0, 16, 11],
			"to": [16, 17, 13],
			"faces": {
				"north": {"uv": [11.375, 8.625, 13.375, 8.75], "texture": "#0"},
				"east": {"uv": [8.5, 12.75, 8.75, 12.875], "texture": "#0"},
				"south": {"uv": [11.375, 11.625, 13.375, 11.75], "texture": "#0"},
				"west": {"uv": [9.5, 12.75, 9.75, 12.875], "texture": "#0"},
				"up": {"uv": [12.5, 6.375, 10.5, 6.125], "texture": "#0"},
				"down": {"uv": [12.5, 6.375, 10.5, 6.625], "texture": "#0"}
			}
		},
		{
			"from": [0, 16, -5],
			"to": [16, 17, -3],
			"faces": {
				"north": {"uv": [11.375, 11.75, 13.375, 11.875], "texture": "#0"},
				"east": {"uv": [9.75, 12.75, 10, 12.875], "texture": "#0"},
				"south": {"uv": [0, 11.875, 2, 12], "texture": "#0"},
				"west": {"uv": [12.75, 12.25, 13, 12.375], "texture": "#0"},
				"up": {"uv": [12.5, 6.875, 10.5, 6.625], "texture": "#0"},
				"down": {"uv": [5.25, 10.625, 3.25, 10.875], "texture": "#0"}
			}
		},
		{
			"from": [1, 17, -3],
			"to": [2, 22, -2],
			"faces": {
				"north": {"uv": [8.625, 2.625, 8.75, 3.25], "texture": "#0"},
				"east": {"uv": [3.875, 12.625, 4, 13.25], "texture": "#0"},
				"south": {"uv": [4, 12.625, 4.125, 13.25], "texture": "#0"},
				"west": {"uv": [4.125, 12.625, 4.25, 13.25], "texture": "#0"},
				"up": {"uv": [8.625, 13, 8.5, 12.875], "texture": "#0"},
				"down": {"uv": [8.75, 12.875, 8.625, 13], "texture": "#0"}
			}
		},
		{
			"from": [1, 17, -2],
			"to": [2, 21, -1],
			"faces": {
				"north": {"uv": [3.625, 12.75, 3.75, 13.25], "texture": "#0"},
				"east": {"uv": [3.75, 12.75, 3.875, 13.25], "texture": "#0"},
				"south": {"uv": [12.75, 4.875, 12.875, 5.375], "texture": "#0"},
				"west": {"uv": [12.75, 5.375, 12.875, 5.875], "texture": "#0"},
				"up": {"uv": [9.625, 13, 9.5, 12.875], "texture": "#0"},
				"down": {"uv": [9.75, 12.875, 9.625, 13], "texture": "#0"}
			}
		},
		{
			"from": [1, 17, -1],
			"to": [2, 20, 0],
			"faces": {
				"north": {"uv": [7.25, 12.75, 7.375, 13.125], "texture": "#0"},
				"east": {"uv": [7.375, 12.75, 7.5, 13.125], "texture": "#0"},
				"south": {"uv": [7.5, 12.75, 7.625, 13.125], "texture": "#0"},
				"west": {"uv": [7.625, 12.75, 7.75, 13.125], "texture": "#0"},
				"up": {"uv": [9.875, 13, 9.75, 12.875], "texture": "#0"},
				"down": {"uv": [10, 12.875, 9.875, 13], "texture": "#0"}
			}
		},
		{
			"from": [14, 17, -3],
			"to": [15, 22, -2],
			"faces": {
				"north": {"uv": [10.375, 12.625, 10.5, 13.25], "texture": "#0"},
				"east": {"uv": [12.5, 12.625, 12.625, 13.25], "texture": "#0"},
				"south": {"uv": [12.625, 12.625, 12.75, 13.25], "texture": "#0"},
				"west": {"uv": [3.25, 12.75, 3.375, 13.375], "texture": "#0"},
				"up": {"uv": [12.875, 13, 12.75, 12.875], "texture": "#0"},
				"down": {"uv": [13, 12.875, 12.875, 13], "texture": "#0"}
			}
		},
		{
			"from": [14, 17, -2],
			"to": [15, 21, -1],
			"faces": {
				"north": {"uv": [12.75, 5.875, 12.875, 6.375], "texture": "#0"},
				"east": {"uv": [6, 12.75, 6.125, 13.25], "texture": "#0"},
				"south": {"uv": [6.125, 12.75, 6.25, 13.25], "texture": "#0"},
				"west": {"uv": [12.75, 6.875, 12.875, 7.375], "texture": "#0"},
				"up": {"uv": [13, 11.5, 12.875, 11.375], "texture": "#0"},
				"down": {"uv": [13, 11.5, 12.875, 11.625], "texture": "#0"}
			}
		},
		{
			"from": [14, 17, -1],
			"to": [15, 20, 0],
			"faces": {
				"north": {"uv": [7.75, 12.75, 7.875, 13.125], "texture": "#0"},
				"east": {"uv": [7.875, 12.75, 8, 13.125], "texture": "#0"},
				"south": {"uv": [8, 12.75, 8.125, 13.125], "texture": "#0"},
				"west": {"uv": [8.125, 12.75, 8.25, 13.125], "texture": "#0"},
				"up": {"uv": [13, 11.25, 12.875, 11.125], "texture": "#0"},
				"down": {"uv": [13, 11.25, 12.875, 11.375], "texture": "#0"}
			}
		},
		{
			"from": [1, 17, -4],
			"to": [15, 22, -3],
			"faces": {
				"north": {"uv": [9.625, 7.5, 11.375, 8.125], "texture": "#0"},
				"east": {"uv": [10.125, 12.625, 10.25, 13.25], "texture": "#0"},
				"south": {"uv": [9.625, 8.125, 11.375, 8.75], "texture": "#0"},
				"west": {"uv": [10.25, 12.625, 10.375, 13.25], "texture": "#0"},
				"up": {"uv": [14, 4.25, 12.25, 4.125], "texture": "#0"},
				"down": {"uv": [14, 4.25, 12.25, 4.375], "texture": "#0"}
			}
		},
		{
			"from": [0, 16, -3],
			"to": [2, 17, 11],
			"faces": {
				"north": {"uv": [12.75, 12.375, 13, 12.5], "texture": "#0"},
				"east": {"uv": [12.25, 3.625, 14, 3.75], "texture": "#0"},
				"south": {"uv": [12.75, 12.5, 13, 12.625], "texture": "#0"},
				"west": {"uv": [12.25, 3.75, 14, 3.875], "texture": "#0"},
				"up": {"uv": [3.5, 12.625, 3.25, 10.875], "texture": "#0"},
				"down": {"uv": [3.75, 10.875, 3.5, 12.625], "texture": "#0"}
			}
		},
		{
			"from": [14, 16, -3],
			"to": [16, 17, 11],
			"faces": {
				"north": {"uv": [12.75, 12.625, 13, 12.75], "texture": "#0"},
				"east": {"uv": [12.25, 3.875, 14, 4], "texture": "#0"},
				"south": {"uv": [12.75, 12.75, 13, 12.875], "texture": "#0"},
				"west": {"uv": [12.25, 4, 14, 4.125], "texture": "#0"},
				"up": {"uv": [4, 12.625, 3.75, 10.875], "texture": "#0"},
				"down": {"uv": [4.25, 10.875, 4, 12.625], "texture": "#0"}
			}
		},
		{
			"from": [14, 2, -3],
			"to": [15, 16, 11],
			"faces": {
				"north": {"uv": [10.75, 11.375, 10.875, 13.125], "texture": "#0"},
				"east": {"uv": [5.5, 5.375, 7.25, 7.125], "texture": "#0"},
				"south": {"uv": [4.25, 12, 4.375, 13.75], "texture": "#0"},
				"west": {"uv": [3.5, 5.625, 5.25, 7.375], "texture": "#0"},
				"up": {"uv": [4.5, 13.75, 4.375, 12], "texture": "#0"},
				"down": {"uv": [4.625, 12, 4.5, 13.75], "texture": "#0"}
			}
		},
		{
			"from": [1, 2, -3],
			"to": [2, 16, 11],
			"faces": {
				"north": {"uv": [4.625, 12, 4.75, 13.75], "texture": "#0"},
				"east": {"uv": [0, 6.25, 1.75, 8], "texture": "#0"},
				"south": {"uv": [4.75, 12, 4.875, 13.75], "texture": "#0"},
				"west": {"uv": [1.75, 6.25, 3.5, 8], "texture": "#0"},
				"up": {"uv": [5, 13.75, 4.875, 12], "texture": "#0"},
				"down": {"uv": [1.875, 12.25, 1.75, 14], "texture": "#0"}
			}
		},
		{
			"from": [2, 2, 11],
			"to": [14, 15, 12],
			"faces": {
				"north": {"uv": [5.25, 7.125, 6.75, 8.75], "texture": "#0"},
				"east": {"uv": [6.875, 12.25, 7, 13.875], "texture": "#0"},
				"south": {"uv": [6.75, 7.125, 8.25, 8.75], "texture": "#0"},
				"west": {"uv": [11.375, 12.25, 11.5, 13.875], "texture": "#0"},
				"up": {"uv": [13.75, 4.75, 12.25, 4.625], "texture": "#0"},
				"down": {"uv": [13.75, 4.75, 12.25, 4.875], "texture": "#0"}
			}
		},
		{
			"from": [2, 2, -4],
			"to": [14, 15, -3],
			"faces": {
				"north": {"uv": [7.25, 5.375, 8.75, 7], "texture": "#0"},
				"east": {"uv": [11.5, 12.25, 11.625, 13.875], "texture": "#0"},
				"south": {"uv": [3.5, 7.375, 5, 9], "texture": "#0"},
				"west": {"uv": [11.625, 12.25, 11.75, 13.875], "texture": "#0"},
				"up": {"uv": [13.875, 8.875, 12.375, 8.75], "texture": "#0"},
				"down": {"uv": [13.875, 8.875, 12.375, 9], "texture": "#0"}
			}
		},
		{
			"from": [7, 14, 26],
			"to": [9, 20, 32],
			"faces": {
				"north": {"uv": [12.25, 12.25, 12.5, 13], "texture": "#0"},
				"east": {"uv": [2.75, 8, 3.5, 8.75], "texture": "#0"},
				"south": {"uv": [0, 12.375, 0.25, 13.125], "texture": "#0"},
				"west": {"uv": [10.375, 5.375, 11.125, 6.125], "texture": "#0"},
				"up": {"uv": [0.5, 13.125, 0.25, 12.375], "texture": "#0"},
				"down": {"uv": [0.75, 12.375, 0.5, 13.125], "texture": "#0"}
			}
		},
		{
			"from": [7, 20, 27],
			"to": [9, 21, 32],
			"faces": {
				"north": {"uv": [2.5, 10.125, 2.75, 10.25], "texture": "#0"},
				"east": {"uv": [12.625, 10.125, 13.25, 10.25], "texture": "#0"},
				"south": {"uv": [8.25, 12.75, 8.5, 12.875], "texture": "#0"},
				"west": {"uv": [12.625, 10.25, 13.25, 10.375], "texture": "#0"},
				"up": {"uv": [6, 13.125, 5.75, 12.5], "texture": "#0"},
				"down": {"uv": [12.75, 5.875, 12.5, 6.5], "texture": "#0"}
			}
		},
		{
			"from": [3, 13, 27],
			"to": [13, 14, 32],
			"faces": {
				"north": {"uv": [12.375, 9.875, 13.625, 10], "texture": "#0"},
				"east": {"uv": [9.5, 12.625, 10.125, 12.75], "texture": "#0"},
				"south": {"uv": [12.5, 1.25, 13.75, 1.375], "texture": "#0"},
				"west": {"uv": [12.625, 10, 13.25, 10.125], "texture": "#0"},
				"up": {"uv": [10, 10.625, 8.75, 10], "texture": "#0"},
				"down": {"uv": [11.25, 10, 10, 10.625], "texture": "#0"}
			}
		},
		{
			"from": [4, 13, 26],
			"to": [12, 14, 27],
			"faces": {
				"north": {"uv": [7.25, 7, 8.25, 7.125], "texture": "#0"},
				"east": {"uv": [10.375, 6.125, 10.5, 6.25], "texture": "#0"},
				"south": {"uv": [12.5, 8.375, 13.5, 8.5], "texture": "#0"},
				"west": {"uv": [8.375, 12.875, 8.5, 13], "texture": "#0"},
				"up": {"uv": [13.5, 8.625, 12.5, 8.5], "texture": "#0"},
				"down": {"uv": [10.5, 12.5, 9.5, 12.625], "texture": "#0"}
			}
		},
		{
			"from": [-1, 1, -6],
			"to": [1, 16, 14],
			"faces": {
				"north": {"uv": [5.25, 10.625, 5.5, 12.5], "texture": "#0"},
				"east": {"uv": [0, 0, 2.5, 1.875], "texture": "#0"},
				"south": {"uv": [5.5, 10.625, 5.75, 12.5], "texture": "#0"},
				"west": {"uv": [0, 1.875, 2.5, 3.75], "texture": "#0"},
				"up": {"uv": [6.25, 12.75, 6, 10.25], "texture": "#0"},
				"down": {"uv": [2.75, 10.625, 2.5, 13.125], "texture": "#0"}
			}
		},
		{
			"from": [-7, 10, -3],
			"to": [4, 12, 11],
			"rotation": {"angle": 22.5, "axis": "z", "origin": [0, 0, 0]},
			"faces": {
				"north": {"uv": [11.25, 10, 12.625, 10.25], "texture": "#0"},
				"east": {"uv": [10.875, 2, 12.625, 2.25], "texture": "#0"},
				"south": {"uv": [11.25, 10.25, 12.625, 10.5], "texture": "#0"},
				"west": {"uv": [10.875, 2.25, 12.625, 2.5], "texture": "#0"},
				"up": {"uv": [8.75, 5.25, 7.375, 3.5], "texture": "#0"},
				"down": {"uv": [1.375, 8, 0, 9.75], "texture": "#0"}
			}
		},
		{
			"from": [-8, 10, -2],
			"to": [-7, 12, 11],
			"rotation": {"angle": 22.5, "axis": "z", "origin": [0, 0, 0]},
			"faces": {
				"north": {"uv": [12.875, 2, 13, 2.25], "texture": "#0"},
				"east": {"uv": [11, 0.5, 12.625, 0.75], "texture": "#0"},
				"south": {"uv": [12.875, 2.25, 13, 2.5], "texture": "#0"},
				"west": {"uv": [11, 0.75, 12.625, 1], "texture": "#0"},
				"up": {"uv": [11.875, 13.875, 11.75, 12.25], "texture": "#0"},
				"down": {"uv": [12, 12.25, 11.875, 13.875], "texture": "#0"}
			}
		},
		{
			"from": [-9, 10, 0],
			"to": [-8, 12, 11],
			"rotation": {"angle": 22.5, "axis": "z", "origin": [0, 0, 0]},
			"faces": {
				"north": {"uv": [12.875, 4.875, 13, 5.125], "texture": "#0"},
				"east": {"uv": [11.25, 10.5, 12.625, 10.75], "texture": "#0"},
				"south": {"uv": [12.875, 5.125, 13, 5.375], "texture": "#0"},
				"west": {"uv": [11.25, 10.75, 12.625, 11], "texture": "#0"},
				"up": {"uv": [1.125, 13.75, 1, 12.375], "texture": "#0"},
				"down": {"uv": [1.25, 12.375, 1.125, 13.75], "texture": "#0"}
			}
		},
		{
			"from": [-10, 10, 3],
			"to": [-9, 12, 11],
			"rotation": {"angle": 22.5, "axis": "z", "origin": [0, 0, 0]},
			"faces": {
				"north": {"uv": [12.875, 5.375, 13, 5.625], "texture": "#0"},
				"east": {"uv": [0, 11.625, 1, 11.875], "texture": "#0"},
				"south": {"uv": [12.875, 5.625, 13, 5.875], "texture": "#0"},
				"west": {"uv": [11.375, 11.875, 12.375, 12.125], "texture": "#0"},
				"up": {"uv": [11, 13.5, 10.875, 12.5], "texture": "#0"},
				"down": {"uv": [11.125, 12.5, 11, 13.5], "texture": "#0"}
			}
		},
		{
			"from": [12, 10, -3],
			"to": [23, 12, 11],
			"rotation": {"angle": -22.5, "axis": "z", "origin": [16, 0, 0]},
			"faces": {
				"north": {"uv": [11.375, 7.125, 12.75, 7.375], "texture": "#0"},
				"east": {"uv": [9.5, 10.875, 11.25, 11.125], "texture": "#0"},
				"south": {"uv": [11.375, 7.375, 12.75, 7.625], "texture": "#0"},
				"west": {"uv": [11, 0, 12.75, 0.25], "texture": "#0"},
				"up": {"uv": [2.75, 9.75, 1.375, 8], "texture": "#0"},
				"down": {"uv": [9.625, 7, 8.25, 8.75], "texture": "#0"}
			}
		},
		{
			"from": [23, 10, -2],
			"to": [24, 12, 11],
			"rotation": {"angle": -22.5, "axis": "z", "origin": [16, 0, 0]},
			"faces": {
				"north": {"uv": [12.875, 7.375, 13, 7.625], "texture": "#0"},
				"east": {"uv": [11.125, 5.375, 12.75, 5.625], "texture": "#0"},
				"south": {"uv": [8.25, 12.875, 8.375, 13.125], "texture": "#0"},
				"west": {"uv": [11.125, 5.625, 12.75, 5.875], "texture": "#0"},
				"up": {"uv": [12.125, 13.875, 12, 12.25], "texture": "#0"},
				"down": {"uv": [12.25, 12.25, 12.125, 13.875], "texture": "#0"}
			}
		},
		{
			"from": [24, 10, 0],
			"to": [25, 12, 11],
			"rotation": {"angle": -22.5, "axis": "z", "origin": [16, 0, 0]},
			"faces": {
				"north": {"uv": [12.875, 6.875, 13, 7.125], "texture": "#0"},
				"east": {"uv": [0, 11.375, 1.375, 11.625], "texture": "#0"},
				"south": {"uv": [12.875, 7.125, 13, 7.375], "texture": "#0"},
				"west": {"uv": [11.375, 6.875, 12.75, 7.125], "texture": "#0"},
				"up": {"uv": [1.375, 13.75, 1.25, 12.375], "texture": "#0"},
				"down": {"uv": [1.5, 12.375, 1.375, 13.75], "texture": "#0"}
			}
		},
		{
			"from": [25, 10, 3],
			"to": [26, 12, 11],
			"rotation": {"angle": -22.5, "axis": "z", "origin": [16, 0, 0]},
			"faces": {
				"north": {"uv": [12.875, 5.875, 13, 6.125], "texture": "#0"},
				"east": {"uv": [0, 12, 1, 12.25], "texture": "#0"},
				"south": {"uv": [12.875, 6.125, 13, 6.375], "texture": "#0"},
				"west": {"uv": [1, 12, 2, 12.25], "texture": "#0"},
				"up": {"uv": [11.25, 13.5, 11.125, 12.5], "texture": "#0"},
				"down": {"uv": [11.375, 12.5, 11.25, 13.5], "texture": "#0"}
			}
		},
		{
			"from": [-1, 2, 14],
			"to": [1, 15, 19],
			"faces": {
				"north": {"uv": [7.75, 11.125, 8, 12.75], "texture": "#0"},
				"east": {"uv": [0, 9.75, 0.625, 11.375], "texture": "#0"},
				"south": {"uv": [8, 11.125, 8.25, 12.75], "texture": "#0"},
				"west": {"uv": [0.625, 9.75, 1.25, 11.375], "texture": "#0"},
				"up": {"uv": [4.75, 9.625, 4.5, 9], "texture": "#0"},
				"down": {"uv": [5, 9, 4.75, 9.625], "texture": "#0"}
			}
		},
		{
			"from": [-1, 3, 19],
			"to": [1, 14, 24],
			"faces": {
				"north": {"uv": [5.25, 5.625, 5.5, 7], "texture": "#0"},
				"east": {"uv": [6.25, 9.75, 6.875, 11.125], "texture": "#0"},
				"south": {"uv": [5, 7.375, 5.25, 8.75], "texture": "#0"},
				"west": {"uv": [6.875, 9.75, 7.5, 11.125], "texture": "#0"},
				"up": {"uv": [1.75, 13, 1.5, 12.375], "texture": "#0"},
				"down": {"uv": [2.25, 12.5, 2, 13.125], "texture": "#0"}
			}
		},
		{
			"from": [-1, 4, 24],
			"to": [1, 13, 27],
			"faces": {
				"north": {"uv": [2, 11.375, 2.25, 12.5], "texture": "#0"},
				"east": {"uv": [4.25, 10.875, 4.625, 12], "texture": "#0"},
				"south": {"uv": [2.25, 11.375, 2.5, 12.5], "texture": "#0"},
				"west": {"uv": [4.625, 10.875, 5, 12], "texture": "#0"},
				"up": {"uv": [2.75, 10.125, 2.5, 9.75], "texture": "#0"},
				"down": {"uv": [12.75, 12.25, 12.5, 12.625], "texture": "#0"}
			}
		},
		{
			"from": [15, 4, 24],
			"to": [17, 13, 27],
			"faces": {
				"north": {"uv": [9.5, 11.375, 9.75, 12.5], "texture": "#0"},
				"east": {"uv": [6.25, 11.125, 6.625, 12.25], "texture": "#0"},
				"south": {"uv": [9.75, 11.375, 10, 12.5], "texture": "#0"},
				"west": {"uv": [6.625, 11.125, 7, 12.25], "texture": "#0"},
				"up": {"uv": [12.875, 0.625, 12.625, 0.25], "texture": "#0"},
				"down": {"uv": [12.875, 0.625, 12.625, 1], "texture": "#0"}
			}
		},
		{
			"from": [15, 3, 19],
			"to": [17, 14, 24],
			"faces": {
				"north": {"uv": [10.875, 11.125, 11.125, 12.5], "texture": "#0"},
				"east": {"uv": [7.5, 9.75, 8.125, 11.125], "texture": "#0"},
				"south": {"uv": [11.125, 11.125, 11.375, 12.5], "texture": "#0"},
				"west": {"uv": [8.125, 9.75, 8.75, 11.125], "texture": "#0"},
				"up": {"uv": [5.5, 13.125, 5.25, 12.5], "texture": "#0"},
				"down": {"uv": [5.75, 12.5, 5.5, 13.125], "texture": "#0"}
			}
		},
		{
			"from": [15, 2, 14],
			"to": [17, 15, 19],
			"faces": {
				"north": {"uv": [8.25, 11.125, 8.5, 12.75], "texture": "#0"},
				"east": {"uv": [1.25, 9.75, 1.875, 11.375], "texture": "#0"},
				"south": {"uv": [8.5, 11.125, 8.75, 12.75], "texture": "#0"},
				"west": {"uv": [1.875, 9.75, 2.5, 11.375], "texture": "#0"},
				"up": {"uv": [2.5, 13.125, 2.25, 12.5], "texture": "#0"},
				"down": {"uv": [5.25, 12.5, 5, 13.125], "texture": "#0"}
			}
		},
		{
			"from": [-1, 5, 27],
			"to": [17, 13, 28],
			"faces": {
				"north": {"uv": [8.625, 1.625, 10.875, 2.625], "texture": "#0"},
				"east": {"uv": [9.25, 12.5, 9.375, 13.5], "texture": "#0"},
				"south": {"uv": [8.75, 0, 11, 1], "texture": "#0"},
				"west": {"uv": [9.375, 12.5, 9.5, 13.5], "texture": "#0"},
				"up": {"uv": [13.125, 2.625, 10.875, 2.5], "texture": "#0"},
				"down": {"uv": [13.5, 11, 11.25, 11.125], "texture": "#0"}
			}
		},
		{
			"from": [15, 1, -6],
			"to": [17, 16, 14],
			"faces": {
				"north": {"uv": [5.75, 10.625, 6, 12.5], "texture": "#0"},
				"east": {"uv": [2.5, 0, 5, 1.875], "texture": "#0"},
				"south": {"uv": [8.75, 10.625, 9, 12.5], "texture": "#0"},
				"west": {"uv": [2.5, 1.875, 5, 3.75], "texture": "#0"},
				"up": {"uv": [3, 13.125, 2.75, 10.625], "texture": "#0"},
				"down": {"uv": [3.25, 10.625, 3, 13.125], "texture": "#0"}
			}
		},
		{
			"from": [0, 1, -8],
			"to": [16, 16, -6],
			"faces": {
				"north": {"uv": [3.5, 3.75, 5.5, 5.625], "texture": "#0"},
				"east": {"uv": [9, 10.625, 9.25, 12.5], "texture": "#0"},
				"south": {"uv": [5, 0, 7, 1.875], "texture": "#0"},
				"west": {"uv": [9.25, 10.625, 9.5, 12.5], "texture": "#0"},
				"up": {"uv": [12.5, 1.25, 10.5, 1], "texture": "#0"},
				"down": {"uv": [12.5, 1.25, 10.5, 1.5], "texture": "#0"}
			}
		},
		{
			"from": [-1, 2, -8],
			"to": [0, 15, -6],
			"faces": {
				"north": {"uv": [6.375, 12.25, 6.5, 13.875], "texture": "#0"},
				"east": {"uv": [5, 10.875, 5.25, 12.5], "texture": "#0"},
				"south": {"uv": [6.5, 12.25, 6.625, 13.875], "texture": "#0"},
				"west": {"uv": [7, 11.125, 7.25, 12.75], "texture": "#0"},
				"up": {"uv": [8.75, 3.5, 8.625, 3.25], "texture": "#0"},
				"down": {"uv": [3.5, 8.75, 3.375, 9], "texture": "#0"}
			}
		},
		{
			"from": [16, 2, -8],
			"to": [17, 15, -6],
			"faces": {
				"north": {"uv": [6.625, 12.25, 6.75, 13.875], "texture": "#0"},
				"east": {"uv": [7.25, 11.125, 7.5, 12.75], "texture": "#0"},
				"south": {"uv": [6.75, 12.25, 6.875, 13.875], "texture": "#0"},
				"west": {"uv": [7.5, 11.125, 7.75, 12.75], "texture": "#0"},
				"up": {"uv": [8.875, 10, 8.75, 9.75], "texture": "#0"},
				"down": {"uv": [12.875, 7.375, 12.75, 7.625], "texture": "#0"}
			}
		},
		{
			"from": [0.5, 1.5, -9],
			"to": [15.5, 15.5, -8],
			"faces": {
				"north": {"uv": [5, 1.875, 6.875, 3.625], "texture": "#0"},
				"east": {"uv": [10.5, 11.375, 10.625, 13.125], "texture": "#0"},
				"south": {"uv": [5.5, 3.625, 7.375, 5.375], "texture": "#0"},
				"west": {"uv": [10.625, 11.375, 10.75, 13.125], "texture": "#0"},
				"up": {"uv": [13.875, 2.75, 12, 2.625], "texture": "#0"},
				"down": {"uv": [13.875, 2.75, 12, 2.875], "texture": "#0"}
			}
		},
		{
			"from": [1, 2, -10],
			"to": [15, 15, -9],
			"faces": {
				"north": {"uv": [6.875, 1.875, 8.625, 3.5], "texture": "#0"},
				"east": {"uv": [1.875, 12.25, 2, 13.875], "texture": "#0"},
				"south": {"uv": [7, 0, 8.75, 1.625], "texture": "#0"},
				"west": {"uv": [6.25, 12.25, 6.375, 13.875], "texture": "#0"},
				"up": {"uv": [13.75, 3, 12, 2.875], "texture": "#0"},
				"down": {"uv": [13.75, 3, 12, 3.125], "texture": "#0"}
			}
		},
		{
			"from": [2, 3, -11],
			"to": [14, 14, -10],
			"faces": {
				"north": {"uv": [8.75, 2.625, 10.25, 4], "texture": "#0"},
				"east": {"uv": [0.75, 12.375, 0.875, 13.75], "texture": "#0"},
				"south": {"uv": [8.75, 4, 10.25, 5.375], "texture": "#0"},
				"west": {"uv": [0.875, 12.375, 1, 13.75], "texture": "#0"},
				"up": {"uv": [13.75, 4.5, 12.25, 4.375], "texture": "#0"},
				"down": {"uv": [13.75, 4.5, 12.25, 4.625], "texture": "#0"}
			}
		},
		{
			"from": [3.5, 4.5, -12],
			"to": [12.5, 12.5, -11],
			"faces": {
				"north": {"uv": [6.625, 8.75, 7.75, 9.75], "texture": "#0"},
				"east": {"uv": [9, 12.5, 9.125, 13.5], "texture": "#0"},
				"south": {"uv": [7.75, 8.75, 8.875, 9.75], "texture": "#0"},
				"west": {"uv": [9.125, 12.5, 9.25, 13.5], "texture": "#0"},
				"up": {"uv": [13.625, 1.5, 12.5, 1.375], "texture": "#0"},
				"down": {"uv": [13.625, 6.5, 12.5, 6.625], "texture": "#0"}
			}
		},
		{
			"from": [5.5, 6.5, -13],
			"to": [10.5, 10.5, -12],
			"faces": {
				"north": {"uv": [1.375, 11.375, 2, 11.875], "texture": "#0"},
				"east": {"uv": [3.375, 12.75, 3.5, 13.25], "texture": "#0"},
				"south": {"uv": [11.375, 7.625, 12, 8.125], "texture": "#0"},
				"west": {"uv": [3.5, 12.75, 3.625, 13.25], "texture": "#0"},
				"up": {"uv": [9.375, 7, 8.75, 6.875], "texture": "#0"},
				"down": {"uv": [3.875, 12.625, 3.25, 12.75], "texture": "#0"}
			}
		},
		{
			"from": [7, 7.5, -16],
			"to": [9, 9.5, -13],
			"faces": {
				"north": {"uv": [12.75, 0, 13, 0.25], "texture": "#0"},
				"east": {"uv": [12.5, 11.375, 12.875, 11.625], "texture": "#0"},
				"south": {"uv": [7, 12.75, 7.25, 13], "texture": "#0"},
				"west": {"uv": [12.625, 1.5, 13, 1.75], "texture": "#0"},
				"up": {"uv": [12.875, 2.125, 12.625, 1.75], "texture": "#0"},
				"down": {"uv": [12.875, 2.125, 12.625, 2.5], "texture": "#0"}
			}
		},
		{
			"from": [7, 9.5, -15],
			"to": [9, 18.5, -14],
			"faces": {
				"north": {"uv": [10, 11.375, 10.25, 12.5], "texture": "#0"},
				"east": {"uv": [8.75, 12.5, 8.875, 13.625], "texture": "#0"},
				"south": {"uv": [10.25, 11.375, 10.5, 12.5], "texture": "#0"},
				"west": {"uv": [8.875, 12.5, 9, 13.625], "texture": "#0"},
				"up": {"uv": [13.125, 0.375, 12.875, 0.25], "texture": "#0"},
				"down": {"uv": [13.125, 0.375, 12.875, 0.5], "texture": "#0"}
			}
		},
		{
			"from": [2.5, 3.5, -15.01],
			"to": [11.5, 5.5, -14.01],
			"rotation": {"angle": 22.5, "axis": "z", "origin": [0, 0, 0]},
			"faces": {
				"north": {"uv": [11.375, 11.125, 12.5, 11.375], "texture": "#0"},
				"east": {"uv": [12.875, 0.75, 13, 1], "texture": "#0"},
				"south": {"uv": [11.375, 11.375, 12.5, 11.625], "texture": "#0"},
				"west": {"uv": [12.875, 1.75, 13, 2], "texture": "#0"},
				"up": {"uv": [13.625, 8.25, 12.5, 8.125], "texture": "#0"},
				"down": {"uv": [13.625, 8.25, 12.5, 8.375], "texture": "#0"}
			}
		},
		{
			"from": [4, 9.75, -15],
			"to": [13, 11.75, -14],
			"rotation": {"angle": -22.5, "axis": "z", "origin": [0, 0, 0]},
			"faces": {
				"north": {"uv": [11.375, 8.125, 12.5, 8.375], "texture": "#0"},
				"east": {"uv": [10, 12.75, 10.125, 13], "texture": "#0"},
				"south": {"uv": [11.375, 8.375, 12.5, 8.625], "texture": "#0"},
				"west": {"uv": [12.875, 0.5, 13, 0.75], "texture": "#0"},
				"up": {"uv": [13.625, 6.75, 12.5, 6.625], "texture": "#0"},
				"down": {"uv": [13.625, 6.75, 12.5, 6.875], "texture": "#0"}
			}
		}
	],
	"display": {
		"thirdperson_righthand": {
			"rotation": [90, 0, 0],
			"translation": [0, -3, -1.95],
			"scale": [0.3, 0.3, 0.3]
		},
		"thirdperson_lefthand": {
			"rotation": [90, 0, 0],
			"translation": [0, -3, -1.95],
			"scale": [0.3, 0.3, 0.3]
		},
		"firstperson_righthand": {
			"translation": [0.75, 0.75, -0.25],
			"scale": [0.3, 0.3, 0.3]
		},
		"firstperson_lefthand": {
			"translation": [0.75, 0.75, -0.25],
			"scale": [0.3, 0.3, 0.3]
		},
		"ground": {
			"translation": [0, -1, 0],
			"scale": [0.3, 0.3, 0.3]
		},
		"gui": {
			"rotation": [13, -130, 0],
			"translation": [0.25, -0.75, 0],
			"scale": [0.3, 0.3, 0.3]
		},
		"head": {
			"translation": [0, -30, 1.3],
			"scale": [1.9, 1.9, 1.9]
		},
		"fixed": {
			"rotation": [0, 90, 0],
			"translation": [-0.25, -1.25, 0.75],
			"scale": [0.3, 0.3, 0.3]
		}
	}
}