{
	"credit": "malditos putos hijo de puta Made with blockbench!!!!! mc.universocraft.com",
	"texture_size": [ 256, 256 ],
	"textures": {
		"0": "vanity/auto",
		"particle": "vanity/auto"
	},
	"elements": [
		{
			"from": [ 2.5, 5, -14 ],
			"to": [ 13.5, 16, -3 ],
			"rotation": { "angle": 0, "axis": "y", "origin": [ -0.5, 1, -1 ] },
			"faces": {
				"north": { "uv": [ 0, 4.125, 0.6875, 4.8125 ], "texture": "#0" },
				"east": { "uv": [ 0.6875, 4.1875, 1.375, 4.875 ], "texture": "#0" },
				"south": { "uv": [ 1.375, 4.1875, 2.0625, 4.875 ], "texture": "#0" },
				"west": { "uv": [ 2.0625, 4.1875, 2.75, 4.875 ], "texture": "#0" },
				"up": { "uv": [ 5.0625, 2.3125, 4.375, 1.625 ], "texture": "#0" },
				"down": { "uv": [ 5.0625, 3.625, 4.375, 4.3125 ], "texture": "#0" }
			}
		},
		{
			"from": [ 2.5, 16, -12 ],
			"to": [ 13.5, 17, -3 ],
			"rotation": { "angle": 0, "axis": "y", "origin": [ -0.5, 1, -1 ] },
			"faces": {
				"north": { "uv": [ 7.0625, 1.3125, 7.75, 1.375 ], "texture": "#0" },
				"east": { "uv": [ 7.25, 2.3125, 7.8125, 2.375 ], "texture": "#0" },
				"south": { "uv": [ 7.125, 4.25, 7.8125, 4.3125 ], "texture": "#0" },
				"west": { "uv": [ 7.3125, 1.0625, 7.875, 1.125 ], "texture": "#0" },
				"up": { "uv": [ 5.375, 3.5625, 4.6875, 3 ], "texture": "#0" },
				"down": { "uv": [ 2.375, 4.875, 1.6875, 5.4375 ], "texture": "#0" }
			}
		},
		{
			"from": [ 2.5, 17, -9 ],
			"to": [ 13.5, 18, -3 ],
			"rotation": { "angle": 0, "axis": "y", "origin": [ -0.5, 1, -1 ] },
			"faces": {
				"north": { "uv": [ 7.125, 4.8125, 7.8125, 4.875 ], "texture": "#0" },
				"east": { "uv": [ 7.8125, 0.9375, 8.1875, 1 ], "texture": "#0" },
				"south": { "uv": [ 7.125, 4.875, 7.8125, 4.9375 ], "texture": "#0" },
				"west": { "uv": [ 7.8125, 2, 8.1875, 2.0625 ], "texture": "#0" },
				"up": { "uv": [ 6.375, 1.125, 5.6875, 0.75 ], "texture": "#0" },
				"down": { "uv": [ 6.375, 2.125, 5.6875, 2.5 ], "texture": "#0" }
			}
		},
		{
			"from": [ -6.5, 5, -16 ],
			"to": [ 22.5, 7, -14 ],
			"rotation": { "angle": 0, "axis": "y", "origin": [ 0.5, 1, -1 ] },
			"faces": {
				"north": { "uv": [ 5.25, 1.25, 7.0625, 1.375 ], "texture": "#0" },
				"east": { "uv": [ 7.9375, 0.8125, 8.0625, 0.9375 ], "texture": "#0" },
				"south": { "uv": [ 5.6875, 1.125, 7.5, 1.25 ], "texture": "#0" },
				"west": { "uv": [ 7.9375, 1.4375, 8.0625, 1.5625 ], "texture": "#0" },
				"up": { "uv": [ 7.5, 2.625, 5.6875, 2.5 ], "texture": "#0" },
				"down": { "uv": [ 7.5, 2.625, 5.6875, 2.75 ], "texture": "#0" }
			}
		},
		{
			"from": [ 4.5, 8, -15 ],
			"to": [ 11.5, 13, -14 ],
			"rotation": { "angle": 0, "axis": "y", "origin": [ -0.5, 1, -1 ] },
			"faces": {
				"north": { "uv": [ 1.875, 6.4375, 2.3125, 6.75 ], "texture": "#0" },
				"east": { "uv": [ 0.5625, 7.875, 0.625, 8.1875 ], "texture": "#0" },
				"south": { "uv": [ 6, 6.4375, 6.4375, 6.75 ], "texture": "#0" },
				"west": { "uv": [ 0.625, 7.875, 0.6875, 8.1875 ], "texture": "#0" },
				"up": { "uv": [ 7.8125, 5.5, 7.375, 5.4375 ], "texture": "#0" },
				"down": { "uv": [ 7.8125, 5.5, 7.375, 5.5625 ], "texture": "#0" }
			}
		},
		{
			"from": [ 5.5, 13, -15 ],
			"to": [ 10.5, 15, -14 ],
			"rotation": { "angle": 0, "axis": "y", "origin": [ -0.5, 1, -1 ] },
			"faces": {
				"north": { "uv": [ 5.875, 5.5625, 6.1875, 5.6875 ], "texture": "#0" },
				"east": { "uv": [ 8.0625, 1.8125, 8.125, 1.9375 ], "texture": "#0" },
				"south": { "uv": [ 7.1875, 3.3125, 7.5, 3.4375 ], "texture": "#0" },
				"west": { "uv": [ 1.9375, 8.0625, 2, 8.1875 ], "texture": "#0" },
				"up": { "uv": [ 8.125, 7.1875, 7.8125, 7.125 ], "texture": "#0" },
				"down": { "uv": [ 8.125, 7.1875, 7.8125, 7.25 ], "texture": "#0" }
			}
		},
		{
			"from": [ 5.5, 4.999, -3 ],
			"to": [ 15.5, 18.009, 11.4 ],
			"rotation": { "angle": 22.5, "axis": "y", "origin": [ -0.5, 1, 0 ] },
			"faces": {
				"north": { "uv": [ 3.75, 3.625, 4.375, 4.4375 ], "texture": "#0" },
				"east": { "uv": [ 2.625, 1.625, 3.5, 2.4375 ], "texture": "#0" },
				"south": { "uv": [ 4.0625, 0, 4.6875, 0.8125 ], "texture": "#0" },
				"west": { "uv": [ 2.875, 2.4375, 3.75, 3.25 ], "texture": "#0" },
				"up": { "uv": [ 1.5, 4.1875, 0.875, 3.3125 ], "texture": "#0" },
				"down": { "uv": [ 2.125, 3.3125, 1.5, 4.1875 ], "texture": "#0" }
			}
		},
		{
			"from": [ 14.69466, 4.999, 3.40929 ],
			"to": [ 18.64466, 17.999, 26.30929 ],
			"rotation": { "angle": 0, "axis": "y", "origin": [ -1.25534, 0.999, -2.84071 ] },
			"faces": {
				"north": { "uv": [ 3.5, 1.625, 3.75, 2.4375 ], "texture": "#0" },
				"east": { "uv": [ 0, 2.5, 1.4375, 3.3125 ], "texture": "#0" },
				"south": { "uv": [ 3.9375, 5.875, 4.1875, 6.6875 ], "texture": "#0" },
				"west": { "uv": [ 1.4375, 2.5, 2.875, 3.3125 ], "texture": "#0" },
				"up": { "uv": [ 4.1875, 5.875, 3.9375, 4.4375 ], "texture": "#0" },
				"down": { "uv": [ 2.625, 4.875, 2.375, 6.3125 ], "texture": "#0" }
			}
		},
		{
			"from": [ 11.69466, 17.999, 14.40929 ],
			"to": [ 18.64466, 26.999, 16.30929 ],
			"rotation": { "angle": 0, "axis": "y", "origin": [ -1.25534, 0.999, -2.84071 ] },
			"faces": {
				"north": { "uv": [ 1.125, 5.5625, 1.5625, 6.125 ], "texture": "#0" },
				"east": { "uv": [ 2.75, 3.3125, 2.875, 3.875 ], "texture": "#0" },
				"south": { "uv": [ 3.125, 5.625, 3.5625, 6.1875 ], "texture": "#0" },
				"west": { "uv": [ 4.1875, 4.4375, 4.3125, 5 ], "texture": "#0" },
				"up": { "uv": [ 6.125, 4.0625, 5.6875, 3.9375 ], "texture": "#0" },
				"down": { "uv": [ 7.25, 3, 6.8125, 3.125 ], "texture": "#0" }
			}
		},
		{
			"from": [ 16.69466, 17.249, 7.40929 ],
			"to": [ 17.64466, 27.249, 14.55929 ],
			"rotation": { "angle": 0, "axis": "y", "origin": [ -1.25534, 0.999, -2.84071 ] },
			"faces": {
				"north": { "uv": [ 0.25, 7.25, 0.3125, 7.875 ], "texture": "#0" },
				"east": { "uv": [ 5.25, 0, 5.6875, 0.625 ], "texture": "#0" },
				"south": { "uv": [ 1.5, 7.25, 1.5625, 7.875 ], "texture": "#0" },
				"west": { "uv": [ 5.25, 0.625, 5.6875, 1.25 ], "texture": "#0" },
				"up": { "uv": [ 2.8125, 7.875, 2.75, 7.4375 ], "texture": "#0" },
				"down": { "uv": [ 7.5, 2.75, 7.4375, 3.1875 ], "texture": "#0" }
			}
		},
		{
			"from": [ 16.69466, 17.249, 15.90929 ],
			"to": [ 17.64466, 27.249, 23.05929 ],
			"rotation": { "angle": 0, "axis": "y", "origin": [ -1.25534, 0.999, -2.84071 ] },
			"faces": {
				"north": { "uv": [ 6.1875, 7.25, 6.25, 7.875 ], "texture": "#0" },
				"east": { "uv": [ 5.25, 2.125, 5.6875, 2.75 ], "texture": "#0" },
				"south": { "uv": [ 7, 7.25, 7.0625, 7.875 ], "texture": "#0" },
				"west": { "uv": [ 5.375, 2.75, 5.8125, 3.375 ], "texture": "#0" },
				"up": { "uv": [ 2.875, 7.875, 2.8125, 7.4375 ], "texture": "#0" },
				"down": { "uv": [ 2.9375, 7.4375, 2.875, 7.875 ], "texture": "#0" }
			}
		},
		{
			"from": [ 16.69, 17.249, 23 ],
			"to": [ 17.64, 20.249, 23.95 ],
			"rotation": { "angle": 0, "axis": "y", "origin": [ -1.25534, 0.999, -2.84071 ] },
			"faces": {
				"north": { "uv": [ 7.125, 8, 7.1875, 8.1875 ], "texture": "#0" },
				"east": { "uv": [ 7.1875, 8, 7.25, 8.1875 ], "texture": "#0" },
				"south": { "uv": [ 7.25, 8, 7.3125, 8.1875 ], "texture": "#0" },
				"west": { "uv": [ 7.3125, 8, 7.375, 8.1875 ], "texture": "#0" },
				"up": { "uv": [ 3.5625, 8.1875, 3.5, 8.125 ], "texture": "#0" },
				"down": { "uv": [ 8.1875, 3.5, 8.125, 3.5625 ], "texture": "#0" }
			}
		},
		{
			"from": [ 16.69, 17.249, 6.6 ],
			"to": [ 17.64, 20.249, 7.55 ],
			"rotation": { "angle": 0, "axis": "y", "origin": [ -1.25534, 0.999, -2.84071 ] },
			"faces": {
				"north": { "uv": [ 7.375, 8, 7.4375, 8.1875 ], "texture": "#0" },
				"east": { "uv": [ 7.4375, 8, 7.5, 8.1875 ], "texture": "#0" },
				"south": { "uv": [ 8, 7.4375, 8.0625, 7.625 ], "texture": "#0" },
				"west": { "uv": [ 7.5, 8, 7.5625, 8.1875 ], "texture": "#0" },
				"up": { "uv": [ 8.1875, 3.625, 8.125, 3.5625 ], "texture": "#0" },
				"down": { "uv": [ 8.1875, 3.75, 8.125, 3.8125 ], "texture": "#0" }
			}
		},
		{
			"from": [ -1.64466, 17.249, 7.40929 ],
			"to": [ -0.69466, 27.249, 14.55929 ],
			"rotation": { "angle": 0, "axis": "y", "origin": [ 17.25534, 0.999, -2.84071 ] },
			"faces": {
				"north": { "uv": [ 7.1875, 7.25, 7.25, 7.875 ], "texture": "#0" },
				"east": { "uv": [ 0, 5.5, 0.4375, 6.125 ], "texture": "#0" },
				"south": { "uv": [ 7.25, 7.25, 7.3125, 7.875 ], "texture": "#0" },
				"west": { "uv": [ 4.1875, 5.5, 4.625, 6.125 ], "texture": "#0" },
				"up": { "uv": [ 3.125, 7.875, 3.0625, 7.4375 ], "texture": "#0" },
				"down": { "uv": [ 7.5, 6.75, 7.4375, 7.1875 ], "texture": "#0" }
			}
		},
		{
			"from": [ -1.64466, 17.249, 15.90929 ],
			"to": [ -0.69466, 27.249, 23.05929 ],
			"rotation": { "angle": 0, "axis": "y", "origin": [ 17.25534, 0.999, -2.84071 ] },
			"faces": {
				"north": { "uv": [ 7.0625, 7.25, 7.125, 7.875 ], "texture": "#0" },
				"east": { "uv": [ 1.875, 5.4375, 2.3125, 6.0625 ], "texture": "#0" },
				"south": { "uv": [ 7.125, 7.25, 7.1875, 7.875 ], "texture": "#0" },
				"west": { "uv": [ 5.4375, 5.0625, 5.875, 5.6875 ], "texture": "#0" },
				"up": { "uv": [ 3, 7.875, 2.9375, 7.4375 ], "texture": "#0" },
				"down": { "uv": [ 3.0625, 7.4375, 3, 7.875 ], "texture": "#0" }
			}
		},
		{
			"from": [ -1.64, 17.249, 23 ],
			"to": [ -0.69, 20.249, 23.95 ],
			"rotation": { "angle": 0, "axis": "y", "origin": [ 17.25534, 0.999, -2.84071 ] },
			"faces": {
				"north": { "uv": [ 8.0625, 0.5625, 8.125, 0.75 ], "texture": "#0" },
				"east": { "uv": [ 0.75, 8.0625, 0.8125, 8.25 ], "texture": "#0" },
				"south": { "uv": [ 8.0625, 0.75, 8.125, 0.9375 ], "texture": "#0" },
				"west": { "uv": [ 0.8125, 8.0625, 0.875, 8.25 ], "texture": "#0" },
				"up": { "uv": [ 8.1875, 4.125, 8.125, 4.0625 ], "texture": "#0" },
				"down": { "uv": [ 8.1875, 4.125, 8.125, 4.1875 ], "texture": "#0" }
			}
		},
		{
			"from": [ -1.64, 17.249, 6.6 ],
			"to": [ -0.69, 20.249, 7.55 ],
			"rotation": { "angle": 0, "axis": "y", "origin": [ 17.25534, 0.999, -2.84071 ] },
			"faces": {
				"north": { "uv": [ 7.5625, 8, 7.625, 8.1875 ], "texture": "#0" },
				"east": { "uv": [ 8, 7.625, 8.0625, 7.8125 ], "texture": "#0" },
				"south": { "uv": [ 8, 7.8125, 8.0625, 8 ], "texture": "#0" },
				"west": { "uv": [ 8, 8, 8.0625, 8.1875 ], "texture": "#0" },
				"up": { "uv": [ 8.1875, 3.875, 8.125, 3.8125 ], "texture": "#0" },
				"down": { "uv": [ 8.1875, 3.875, 8.125, 3.9375 ], "texture": "#0" }
			}
		},
		{
			"from": [ -2.64466, 17.999, 14.40929 ],
			"to": [ 4.30534, 26.999, 16.30929 ],
			"rotation": { "angle": 0, "axis": "y", "origin": [ 17.25534, 0.999, -2.84071 ] },
			"faces": {
				"north": { "uv": [ 5.3125, 5.6875, 5.75, 6.25 ], "texture": "#0" },
				"east": { "uv": [ 1.5625, 5.5625, 1.6875, 6.125 ], "texture": "#0" },
				"south": { "uv": [ 5.75, 5.6875, 6.1875, 6.25 ], "texture": "#0" },
				"west": { "uv": [ 1.5625, 6.375, 1.6875, 6.9375 ], "texture": "#0" },
				"up": { "uv": [ 7.375, 2, 6.9375, 1.875 ], "texture": "#0" },
				"down": { "uv": [ 7.4375, 5.25, 7, 5.375 ], "texture": "#0" }
			}
		},
		{
			"from": [ -2.65534, 26.999, 7.65929 ],
			"to": [ 18.64466, 28.999, 22.80929 ],
			"rotation": { "angle": 0, "axis": "y", "origin": [ -1.25534, 0.999, -2.84071 ] },
			"faces": {
				"north": { "uv": [ 6.375, 0.8125, 7.6875, 0.9375 ], "texture": "#0" },
				"east": { "uv": [ 6.4375, 2, 7.375, 2.125 ], "texture": "#0" },
				"south": { "uv": [ 6.375, 0.9375, 7.6875, 1.0625 ], "texture": "#0" },
				"west": { "uv": [ 6.8125, 0.4375, 7.75, 0.5625 ], "texture": "#0" },
				"up": { "uv": [ 1.3125, 2.5, 0, 1.5625 ], "texture": "#0" },
				"down": { "uv": [ 2.625, 1.5625, 1.3125, 2.5 ], "texture": "#0" }
			}
		},
		{
			"from": [ 15.5, 4, 1.4 ],
			"to": [ 23.5, 10, 2.4 ],
			"rotation": { "angle": 0, "axis": "y", "origin": [ -0.5, 1, -2 ] },
			"faces": {
				"north": { "uv": [ 5.875, 5, 6.375, 5.375 ], "texture": "#0" },
				"east": { "uv": [ 3.6875, 4.0625, 3.75, 4.4375 ], "texture": "#0" },
				"south": { "uv": [ 5.9375, 1.375, 6.4375, 1.75 ], "texture": "#0" },
				"west": { "uv": [ 7.3125, 7.5, 7.375, 7.875 ], "texture": "#0" },
				"up": { "uv": [ 7.8125, 1.625, 7.3125, 1.5625 ], "texture": "#0" },
				"down": { "uv": [ 7.8125, 1.625, 7.3125, 1.6875 ], "texture": "#0" }
			}
		},
		{
			"from": [ 15.499, 7.6, 4.5 ],
			"to": [ 23.499, 11.6, 5.5 ],
			"rotation": { "angle": -22.5, "axis": "x", "origin": [ -0.5, 1, -2 ] },
			"faces": {
				"north": { "uv": [ 6.6875, 3.3125, 7.1875, 3.5625 ], "texture": "#0" },
				"east": { "uv": [ 5, 1.375, 5.0625, 1.625 ], "texture": "#0" },
				"south": { "uv": [ 6.75, 0, 7.25, 0.25 ], "texture": "#0" },
				"west": { "uv": [ 1.625, 6.125, 1.6875, 6.375 ], "texture": "#0" },
				"up": { "uv": [ 7.8125, 4.1875, 7.3125, 4.125 ], "texture": "#0" },
				"down": { "uv": [ 7.8125, 4.1875, 7.3125, 4.25 ], "texture": "#0" }
			}
		},
		{
			"from": [ 13.499, -5.5, -15.48 ],
			"to": [ 23.499, 2.5, -14.48 ],
			"rotation": { "angle": 22.5, "axis": "x", "origin": [ -0.5, 1, 16 ] },
			"faces": {
				"north": { "uv": [ 4.1875, 5, 4.8125, 5.5 ], "texture": "#0" },
				"east": { "uv": [ 3.875, 7.375, 3.9375, 7.875 ], "texture": "#0" },
				"south": { "uv": [ 5.0625, 3.5625, 5.6875, 4.0625 ], "texture": "#0" },
				"west": { "uv": [ 4.5625, 7.375, 4.625, 7.875 ], "texture": "#0" },
				"up": { "uv": [ 7.8125, 1.75, 7.1875, 1.6875 ], "texture": "#0" },
				"down": { "uv": [ 7.8125, 1.75, 7.1875, 1.8125 ], "texture": "#0" }
			}
		},
		{
			"from": [ 15.498, 12.8, -9.2 ],
			"to": [ 23.498, 13.8, -4.2 ],
			"rotation": { "angle": 22.5, "axis": "x", "origin": [ -0.5, 1, -2 ] },
			"faces": {
				"north": { "uv": [ 7.3125, 4.6875, 7.8125, 4.75 ], "texture": "#0" },
				"east": { "uv": [ 7.8125, 6.625, 8.125, 6.6875 ], "texture": "#0" },
				"south": { "uv": [ 7.3125, 4.75, 7.8125, 4.8125 ], "texture": "#0" },
				"west": { "uv": [ 7.8125, 6.6875, 8.125, 6.75 ], "texture": "#0" },
				"up": { "uv": [ 6.875, 4.875, 6.375, 4.5625 ], "texture": "#0" },
				"down": { "uv": [ 6.875, 4.875, 6.375, 5.1875 ], "texture": "#0" }
			}
		},
		{
			"from": [ 13.496, 22.558, -5.35 ],
			"to": [ 23.496, 23.558, -2.35 ],
			"rotation": { "angle": -22.5, "axis": "x", "origin": [ -0.5, 1, 14 ] },
			"faces": {
				"north": { "uv": [ 7.125, 4.9375, 7.75, 5 ], "texture": "#0" },
				"east": { "uv": [ 2.625, 2.4375, 2.8125, 2.5 ], "texture": "#0" },
				"south": { "uv": [ 7.125, 5, 7.75, 5.0625 ], "texture": "#0" },
				"west": { "uv": [ 0.6875, 4.125, 0.875, 4.1875 ], "texture": "#0" },
				"up": { "uv": [ 7, 5.375, 6.375, 5.1875 ], "texture": "#0" },
				"down": { "uv": [ 7.375, 0.25, 6.75, 0.4375 ], "texture": "#0" }
			}
		},
		{
			"from": [ 12.497, 14.58, -9.75 ],
			"to": [ 23.497, 15.58, -3.75 ],
			"rotation": { "angle": 0, "axis": "x", "origin": [ -0.5, 1, -2 ] },
			"faces": {
				"north": { "uv": [ 5.0625, 4.25, 5.75, 4.3125 ], "texture": "#0" },
				"east": { "uv": [ 4.6875, 3.5625, 5.0625, 3.625 ], "texture": "#0" },
				"south": { "uv": [ 5.8125, 3.3125, 6.5, 3.375 ], "texture": "#0" },
				"west": { "uv": [ 7.4375, 2.1875, 7.8125, 2.25 ], "texture": "#0" },
				"up": { "uv": [ 1.125, 5.9375, 0.4375, 5.5625 ], "texture": "#0" },
				"down": { "uv": [ 5.3125, 5.5625, 4.625, 5.9375 ], "texture": "#0" }
			}
		},
		{
			"from": [ 15.5, 4, 12.6 ],
			"to": [ 22.5, 10, 13.6 ],
			"rotation": { "angle": 0, "axis": "y", "origin": [ -0.5, 1, 17 ] },
			"faces": {
				"north": { "uv": [ 5.125, 6.25, 5.5625, 6.625 ], "texture": "#0" },
				"east": { "uv": [ 7.625, 6.75, 7.6875, 7.125 ], "texture": "#0" },
				"south": { "uv": [ 5.5625, 6.25, 6, 6.625 ], "texture": "#0" },
				"west": { "uv": [ 7.375, 7.625, 7.4375, 8 ], "texture": "#0" },
				"up": { "uv": [ 7.8125, 6.125, 7.375, 6.0625 ], "texture": "#0" },
				"down": { "uv": [ 7.8125, 6.125, 7.375, 6.1875 ], "texture": "#0" }
			}
		},
		{
			"from": [ 22.5, 3.75, 12.6 ],
			"to": [ 23.5, 10, 26.6 ],
			"rotation": { "angle": 0, "axis": "y", "origin": [ -0.5, 1, 17 ] },
			"faces": {
				"north": { "uv": [ 7.5, 7.625, 7.5625, 8 ], "texture": "#0" },
				"east": { "uv": [ 4.9375, 4.3125, 5.8125, 4.6875 ], "texture": "#0" },
				"south": { "uv": [ 7.5625, 7.625, 7.625, 8 ], "texture": "#0" },
				"west": { "uv": [ 4.9375, 4.6875, 5.8125, 5.0625 ], "texture": "#0" },
				"up": { "uv": [ 2.375, 6.3125, 2.3125, 5.4375 ], "texture": "#0" },
				"down": { "uv": [ 0.375, 7.0625, 0.3125, 7.9375 ], "texture": "#0" }
			}
		},
		{
			"from": [ 15.499, 7.6, 9.5 ],
			"to": [ 22.499, 11.6, 10.5 ],
			"rotation": { "angle": 22.5, "axis": "x", "origin": [ -0.5, 1, 17 ] },
			"faces": {
				"north": { "uv": [ 0, 6.8125, 0.4375, 7.0625 ], "texture": "#0" },
				"east": { "uv": [ 1.4375, 7.9375, 1.5, 8.1875 ], "texture": "#0" },
				"south": { "uv": [ 6.8125, 0.5625, 7.25, 0.8125 ], "texture": "#0" },
				"west": { "uv": [ 2.6875, 7.9375, 2.75, 8.1875 ], "texture": "#0" },
				"up": { "uv": [ 7.8125, 6, 7.375, 5.9375 ], "texture": "#0" },
				"down": { "uv": [ 7.8125, 6, 7.375, 6.0625 ], "texture": "#0" }
			}
		},
		{
			"from": [ 22.499, 7.6, 9.5 ],
			"to": [ 23.499, 11.6, 20.5 ],
			"rotation": { "angle": 22.5, "axis": "x", "origin": [ -0.5, 1, 17 ] },
			"faces": {
				"north": { "uv": [ 3.75, 7.9375, 3.8125, 8.1875 ], "texture": "#0" },
				"east": { "uv": [ 0.9375, 6.125, 1.625, 6.375 ], "texture": "#0" },
				"south": { "uv": [ 3.8125, 7.9375, 3.875, 8.1875 ], "texture": "#0" },
				"west": { "uv": [ 6.1875, 5.9375, 6.875, 6.1875 ], "texture": "#0" },
				"up": { "uv": [ 7.1875, 6.75, 7.125, 6.0625 ], "texture": "#0" },
				"down": { "uv": [ 6.375, 7.125, 6.3125, 7.8125 ], "texture": "#0" }
			}
		},
		{
			"from": [ 15.498, 12.8, 19.2 ],
			"to": [ 22.498, 13.8, 24.2 ],
			"rotation": { "angle": -22.5, "axis": "x", "origin": [ -0.5, 1, 17 ] },
			"faces": {
				"north": { "uv": [ 7.375, 5.8125, 7.8125, 5.875 ], "texture": "#0" },
				"east": { "uv": [ 7.875, 0.125, 8.1875, 0.1875 ], "texture": "#0" },
				"south": { "uv": [ 7.375, 5.875, 7.8125, 5.9375 ], "texture": "#0" },
				"west": { "uv": [ 7.875, 0.1875, 8.1875, 0.25 ], "texture": "#0" },
				"up": { "uv": [ 6.875, 6.75, 6.4375, 6.4375 ], "texture": "#0" },
				"down": { "uv": [ 0.4375, 6.5, 0, 6.8125 ], "texture": "#0" }
			}
		},
		{
			"from": [ 22.498, 9.8, 19.2 ],
			"to": [ 23.498, 13.8, 24.2 ],
			"rotation": { "angle": -22.5, "axis": "x", "origin": [ -0.5, 1, 17 ] },
			"faces": {
				"north": { "uv": [ 3.9375, 7.9375, 4, 8.1875 ], "texture": "#0" },
				"east": { "uv": [ 4.6875, 1.375, 5, 1.625 ], "texture": "#0" },
				"south": { "uv": [ 4, 7.9375, 4.0625, 8.1875 ], "texture": "#0" },
				"west": { "uv": [ 6.8125, 3.8125, 7.125, 4.0625 ], "texture": "#0" },
				"up": { "uv": [ 7.9375, 3.3125, 7.875, 3 ], "texture": "#0" },
				"down": { "uv": [ 3.125, 7.875, 3.0625, 8.1875 ], "texture": "#0" }
			}
		},
		{
			"from": [ 15.497, 14.58, 18.75 ],
			"to": [ 22.497, 15.58, 24.75 ],
			"rotation": { "angle": 0, "axis": "x", "origin": [ -0.5, 1, 17 ] },
			"faces": {
				"north": { "uv": [ 7.375, 5.6875, 7.8125, 5.75 ], "texture": "#0" },
				"east": { "uv": [ 7.4375, 5.3125, 7.8125, 5.375 ], "texture": "#0" },
				"south": { "uv": [ 7.375, 5.75, 7.8125, 5.8125 ], "texture": "#0" },
				"west": { "uv": [ 7.5, 1.125, 7.875, 1.1875 ], "texture": "#0" },
				"up": { "uv": [ 4.625, 6.5, 4.1875, 6.125 ], "texture": "#0" },
				"down": { "uv": [ 3.5625, 6.1875, 3.125, 6.5625 ], "texture": "#0" }
			}
		},
		{
			"from": [ 22.497, 8.58, 18.75 ],
			"to": [ 23.497, 15.58, 24.75 ],
			"rotation": { "angle": 0, "axis": "x", "origin": [ -0.5, 1, 17 ] },
			"faces": {
				"north": { "uv": [ 4.75, 7.375, 4.8125, 7.8125 ], "texture": "#0" },
				"east": { "uv": [ 2.3125, 6.3125, 2.6875, 6.75 ], "texture": "#0" },
				"south": { "uv": [ 4.8125, 7.375, 4.875, 7.8125 ], "texture": "#0" },
				"west": { "uv": [ 2.6875, 6.3125, 3.0625, 6.75 ], "texture": "#0" },
				"up": { "uv": [ 2, 8.0625, 1.9375, 7.6875 ], "texture": "#0" },
				"down": { "uv": [ 2.0625, 7.6875, 2, 8.0625 ], "texture": "#0" }
			}
		},
		{
			"from": [ 15.496, 27.40235, 6.77411 ],
			"to": [ 22.496, 28.40235, 12.77411 ],
			"rotation": { "angle": 45, "axis": "x", "origin": [ -0.499, 0.29235, 0.28411 ] },
			"faces": {
				"north": { "uv": [ 7.375, 5.5625, 7.8125, 5.625 ], "texture": "#0" },
				"east": { "uv": [ 7.4375, 2.25, 7.8125, 2.3125 ], "texture": "#0" },
				"south": { "uv": [ 7.375, 5.625, 7.8125, 5.6875 ], "texture": "#0" },
				"west": { "uv": [ 7.4375, 5.25, 7.8125, 5.3125 ], "texture": "#0" },
				"up": { "uv": [ 2.3125, 6.4375, 1.875, 6.0625 ], "texture": "#0" },
				"down": { "uv": [ 0.4375, 6.125, 0, 6.5 ], "texture": "#0" }
			}
		},
		{
			"from": [ 22.496, 23.40235, 6.77411 ],
			"to": [ 23.496, 28.40235, 12.77411 ],
			"rotation": { "angle": 45, "axis": "x", "origin": [ -0.499, 0.29235, 0.28411 ] },
			"faces": {
				"north": { "uv": [ 2.9375, 7.875, 3, 8.1875 ], "texture": "#0" },
				"east": { "uv": [ 0.9375, 6.75, 1.3125, 7.0625 ], "texture": "#0" },
				"south": { "uv": [ 3, 7.875, 3.0625, 8.1875 ], "texture": "#0" },
				"west": { "uv": [ 2.375, 6.75, 2.75, 7.0625 ], "texture": "#0" },
				"up": { "uv": [ 2.125, 8.0625, 2.0625, 7.6875 ], "texture": "#0" },
				"down": { "uv": [ 2.1875, 7.6875, 2.125, 8.0625 ], "texture": "#0" }
			}
		},
		{
			"from": [ 13.495, -5.91389, 27.64877 ],
			"to": [ 22.495, 0.08611, 28.64877 ],
			"rotation": { "angle": -22.5, "axis": "x", "origin": [ -0.499, 6.57611, 0.53877 ] },
			"faces": {
				"north": { "uv": [ 5.6875, 3.5625, 6.25, 3.9375 ], "texture": "#0" },
				"east": { "uv": [ 7.4375, 7.625, 7.5, 8 ], "texture": "#0" },
				"south": { "uv": [ 5.8125, 2.75, 6.375, 3.125 ], "texture": "#0" },
				"west": { "uv": [ 7.625, 7.4375, 7.6875, 7.8125 ], "texture": "#0" },
				"up": { "uv": [ 7.8125, 0.625, 7.25, 0.5625 ], "texture": "#0" },
				"down": { "uv": [ 7.8125, 0.625, 7.25, 0.6875 ], "texture": "#0" }
			}
		},
		{
			"from": [ 22.495, -5.91389, 23.39877 ],
			"to": [ 23.495, 0.08611, 28.64877 ],
			"rotation": { "angle": -22.5, "axis": "x", "origin": [ -0.499, 6.57611, 0.53877 ] },
			"faces": {
				"north": { "uv": [ 0.75, 7.6875, 0.8125, 8.0625 ], "texture": "#0" },
				"east": { "uv": [ 3.375, 4.0625, 3.6875, 4.4375 ], "texture": "#0" },
				"south": { "uv": [ 0.8125, 7.6875, 0.875, 8.0625 ], "texture": "#0" },
				"west": { "uv": [ 3.75, 6.6875, 4.0625, 7.0625 ], "texture": "#0" },
				"up": { "uv": [ 2.875, 8.1875, 2.8125, 7.875 ], "texture": "#0" },
				"down": { "uv": [ 2.9375, 7.875, 2.875, 8.1875 ], "texture": "#0" }
			}
		},
		{
			"from": [ 14.497, 16.58, -11.75 ],
			"to": [ 18.497, 20.58, -7.75 ],
			"rotation": { "angle": 0, "axis": "x", "origin": [ -0.5, 1, -2 ] },
			"faces": {
				"north": { "uv": [ 3.125, 4.875, 3.375, 5.125 ], "texture": "#0" },
				"east": { "uv": [ 6.8125, 4.3125, 7.0625, 4.5625 ], "texture": "#0" },
				"south": { "uv": [ 4.375, 6.8125, 4.625, 7.0625 ], "texture": "#0" },
				"west": { "uv": [ 3.0625, 6.875, 3.3125, 7.125 ], "texture": "#0" },
				"up": { "uv": [ 3.5625, 7.125, 3.3125, 6.875 ], "texture": "#0" },
				"down": { "uv": [ 7.125, 4.5625, 6.875, 4.8125 ], "texture": "#0" }
			}
		},
		{
			"from": [ 17.497, 16.58, -12.75 ],
			"to": [ 18.497, 20.58, -11.75 ],
			"rotation": { "angle": 0, "axis": "x", "origin": [ -0.5, 1, -2 ] },
			"faces": {
				"north": { "uv": [ 3.0625, 6.3125, 3.125, 6.5625 ], "texture": "#0" },
				"east": { "uv": [ 0.3125, 7.9375, 0.375, 8.1875 ], "texture": "#0" },
				"south": { "uv": [ 0.375, 7.9375, 0.4375, 8.1875 ], "texture": "#0" },
				"west": { "uv": [ 7.9375, 0.5625, 8, 0.8125 ], "texture": "#0" },
				"up": { "uv": [ 7.9375, 5.125, 7.875, 5.0625 ], "texture": "#0" },
				"down": { "uv": [ 7.9375, 5.375, 7.875, 5.4375 ], "texture": "#0" }
			}
		},
		{
			"from": [ 14.497, 16.58, -12.75 ],
			"to": [ 15.497, 20.58, -11.75 ],
			"rotation": { "angle": 0, "axis": "x", "origin": [ -0.5, 1, -2 ] },
			"faces": {
				"north": { "uv": [ 7.9375, 1.0625, 8, 1.3125 ], "texture": "#0" },
				"east": { "uv": [ 1.25, 7.9375, 1.3125, 8.1875 ], "texture": "#0" },
				"south": { "uv": [ 1.3125, 7.9375, 1.375, 8.1875 ], "texture": "#0" },
				"west": { "uv": [ 1.375, 7.9375, 1.4375, 8.1875 ], "texture": "#0" },
				"up": { "uv": [ 8, 4.5, 7.9375, 4.4375 ], "texture": "#0" },
				"down": { "uv": [ 8.125, 7.875, 8.0625, 7.9375 ], "texture": "#0" }
			}
		},
		{
			"from": [ 15.497, 19.58, -12.75 ],
			"to": [ 17.497, 20.58, -11.75 ],
			"rotation": { "angle": 0, "axis": "x", "origin": [ -0.5, 1, -2 ] },
			"faces": {
				"north": { "uv": [ 7.9375, 7.3125, 8.0625, 7.375 ], "texture": "#0" },
				"east": { "uv": [ 8.0625, 7.9375, 8.125, 8 ], "texture": "#0" },
				"south": { "uv": [ 8, 4.5625, 8.125, 4.625 ], "texture": "#0" },
				"west": { "uv": [ 8.0625, 8, 8.125, 8.0625 ], "texture": "#0" },
				"up": { "uv": [ 8.1875, 0.3125, 8.0625, 0.25 ], "texture": "#0" },
				"down": { "uv": [ 8.1875, 1, 8.0625, 1.0625 ], "texture": "#0" }
			}
		},
		{
			"from": [ 15.497, 16.58, -12.75 ],
			"to": [ 17.497, 17.58, -11.75 ],
			"rotation": { "angle": 0, "axis": "x", "origin": [ -0.5, 1, -2 ] },
			"faces": {
				"north": { "uv": [ 8.0625, 1.5625, 8.1875, 1.625 ], "texture": "#0" },
				"east": { "uv": [ 8.0625, 8.0625, 8.125, 8.125 ], "texture": "#0" },
				"south": { "uv": [ 8.0625, 1.625, 8.1875, 1.6875 ], "texture": "#0" },
				"west": { "uv": [ 0, 8.125, 0.0625, 8.1875 ], "texture": "#0" },
				"up": { "uv": [ 8.1875, 1.75, 8.0625, 1.6875 ], "texture": "#0" },
				"down": { "uv": [ 8.1875, 1.75, 8.0625, 1.8125 ], "texture": "#0" }
			}
		},
		{
			"from": [ 17.497, 9.58, -9.75 ],
			"to": [ 20.497, 10.58, -8.75 ],
			"rotation": { "angle": 22.5, "axis": "z", "origin": [ -0.5, 1, -2 ] },
			"faces": {
				"north": { "uv": [ 4.625, 5.5, 4.8125, 5.5625 ], "texture": "#0" },
				"east": { "uv": [ 0.0625, 8.125, 0.125, 8.1875 ], "texture": "#0" },
				"south": { "uv": [ 6.5, 3.3125, 6.6875, 3.375 ], "texture": "#0" },
				"west": { "uv": [ 0.125, 8.125, 0.1875, 8.1875 ], "texture": "#0" },
				"up": { "uv": [ 7.0625, 6.75, 6.875, 6.6875 ], "texture": "#0" },
				"down": { "uv": [ 7.125, 3.75, 6.9375, 3.8125 ], "texture": "#0" }
			}
		},
		{
			"from": [ 18.5, 1, -11 ],
			"to": [ 19.5, 12, -2 ],
			"rotation": { "angle": 0, "axis": "y", "origin": [ -0.5, -3, -1 ] },
			"faces": {
				"north": { "uv": [ 6.25, 7.0625, 6.3125, 7.75 ], "texture": "#0" },
				"east": { "uv": [ 4.375, 4.3125, 4.9375, 5 ], "texture": "#0" },
				"south": { "uv": [ 3.4375, 7.125, 3.5, 7.8125 ], "texture": "#0" },
				"west": { "uv": [ 3.375, 4.4375, 3.9375, 5.125 ], "texture": "#0" },
				"up": { "uv": [ 1.875, 7.875, 1.8125, 7.3125 ], "texture": "#0" },
				"down": { "uv": [ 1.9375, 7.3125, 1.875, 7.875 ], "texture": "#0" }
			}
		},
		{
			"from": [ 18.5, 2, -12 ],
			"to": [ 19.5, 11, -11 ],
			"rotation": { "angle": 0, "axis": "y", "origin": [ -0.5, -3, -1 ] },
			"faces": {
				"north": { "uv": [ 4.3125, 4.4375, 4.375, 5 ], "texture": "#0" },
				"east": { "uv": [ 0.4375, 7.3125, 0.5, 7.875 ], "texture": "#0" },
				"south": { "uv": [ 0.5, 7.3125, 0.5625, 7.875 ], "texture": "#0" },
				"west": { "uv": [ 0.5625, 7.3125, 0.625, 7.875 ], "texture": "#0" },
				"up": { "uv": [ 7.125, 6.75, 7.0625, 6.6875 ], "texture": "#0" },
				"down": { "uv": [ 0.9375, 7.1875, 0.875, 7.25 ], "texture": "#0" }
			}
		},
		{
			"from": [ 18.5, 2, -2 ],
			"to": [ 19.5, 11, -1 ],
			"rotation": { "angle": 0, "axis": "y", "origin": [ -0.5, -3, -1 ] },
			"faces": {
				"north": { "uv": [ 1.5625, 7.3125, 1.625, 7.875 ], "texture": "#0" },
				"east": { "uv": [ 1.625, 7.3125, 1.6875, 7.875 ], "texture": "#0" },
				"south": { "uv": [ 1.6875, 7.3125, 1.75, 7.875 ], "texture": "#0" },
				"west": { "uv": [ 1.75, 7.3125, 1.8125, 7.875 ], "texture": "#0" },
				"up": { "uv": [ 7.5625, 7.1875, 7.5, 7.125 ], "texture": "#0" },
				"down": { "uv": [ 7.8125, 3.3125, 7.75, 3.375 ], "texture": "#0" }
			}
		},
		{
			"from": [ 18.5, 12, -9 ],
			"to": [ 19.5, 13, -4 ],
			"rotation": { "angle": 0, "axis": "y", "origin": [ -0.5, -3, -1 ] },
			"faces": {
				"north": { "uv": [ 2.8125, 2.4375, 2.875, 2.5 ], "texture": "#0" },
				"east": { "uv": [ 7.8125, 3.5, 8.125, 3.5625 ], "texture": "#0" },
				"south": { "uv": [ 5.75, 4.25, 5.8125, 4.3125 ], "texture": "#0" },
				"west": { "uv": [ 7.8125, 4.875, 8.125, 4.9375 ], "texture": "#0" },
				"up": { "uv": [ 3.5625, 6.875, 3.5, 6.5625 ], "texture": "#0" },
				"down": { "uv": [ 1.375, 6.75, 1.3125, 7.0625 ], "texture": "#0" }
			}
		},
		{
			"from": [ 18.5, 0, -9 ],
			"to": [ 19.5, 1, -4 ],
			"rotation": { "angle": 0, "axis": "y", "origin": [ -0.5, -3, -1 ] },
			"faces": {
				"north": { "uv": [ 5.8125, 5, 5.875, 5.0625 ], "texture": "#0" },
				"east": { "uv": [ 7.8125, 5.3125, 8.125, 5.375 ], "texture": "#0" },
				"south": { "uv": [ 7.0625, 4.5, 7.125, 4.5625 ], "texture": "#0" },
				"west": { "uv": [ 7.8125, 6.5625, 8.125, 6.625 ], "texture": "#0" },
				"up": { "uv": [ 7, 8.0625, 6.9375, 7.75 ], "texture": "#0" },
				"down": { "uv": [ 4.9375, 7.8125, 4.875, 8.125 ], "texture": "#0" }
			}
		},
		{
			"from": [ 18.5, 4, -13 ],
			"to": [ 19.5, 9, -12 ],
			"rotation": { "angle": 0, "axis": "y", "origin": [ -0.5, -3, -1 ] },
			"faces": {
				"north": { "uv": [ 6.5625, 7.8125, 6.625, 8.125 ], "texture": "#0" },
				"east": { "uv": [ 7.625, 7.8125, 7.6875, 8.125 ], "texture": "#0" },
				"south": { "uv": [ 7.6875, 7.8125, 7.75, 8.125 ], "texture": "#0" },
				"west": { "uv": [ 7.75, 7.8125, 7.8125, 8.125 ], "texture": "#0" },
				"up": { "uv": [ 2.25, 7.25, 2.1875, 7.1875 ], "texture": "#0" },
				"down": { "uv": [ 7.5625, 3.375, 7.5, 3.4375 ], "texture": "#0" }
			}
		},
		{
			"from": [ 18.5, 4, -1 ],
			"to": [ 19.5, 9, 0 ],
			"rotation": { "angle": 0, "axis": "y", "origin": [ -0.5, -3, -1 ] },
			"faces": {
				"north": { "uv": [ 7.8125, 7.8125, 7.875, 8.125 ], "texture": "#0" },
				"east": { "uv": [ 0.25, 7.875, 0.3125, 8.1875 ], "texture": "#0" },
				"south": { "uv": [ 0.4375, 7.875, 0.5, 8.1875 ], "texture": "#0" },
				"west": { "uv": [ 0.5, 7.875, 0.5625, 8.1875 ], "texture": "#0" },
				"up": { "uv": [ 7.9375, 4.125, 7.875, 4.0625 ], "texture": "#0" },
				"down": { "uv": [ 7.9375, 4.625, 7.875, 4.6875 ], "texture": "#0" }
			}
		},
		{
			"from": [ 19.5, 4, -3 ],
			"to": [ 21.5, 9, 0 ],
			"rotation": { "angle": 0, "axis": "y", "origin": [ -0.5, -3, -1 ] },
			"faces": {
				"north": { "uv": [ 5, 6.3125, 5.125, 6.625 ], "texture": "#0" },
				"east": { "uv": [ 5.125, 5.9375, 5.3125, 6.25 ], "texture": "#0" },
				"south": { "uv": [ 0.75, 7.1875, 0.875, 7.5 ], "texture": "#0" },
				"west": { "uv": [ 6.625, 6.9375, 6.8125, 7.25 ], "texture": "#0" },
				"up": { "uv": [ 2.875, 4.0625, 2.75, 3.875 ], "texture": "#0" },
				"down": { "uv": [ 5.375, 2.75, 5.25, 2.9375 ], "texture": "#0" }
			}
		},
		{
			"from": [ 19.5, 4, -13 ],
			"to": [ 21.5, 9, -10 ],
			"rotation": { "angle": 0, "axis": "y", "origin": [ -0.5, -3, -1 ] },
			"faces": {
				"north": { "uv": [ 2.0625, 7.1875, 2.1875, 7.5 ], "texture": "#0" },
				"east": { "uv": [ 6.8125, 6.9375, 7, 7.25 ], "texture": "#0" },
				"south": { "uv": [ 7.1875, 5.375, 7.3125, 5.6875 ], "texture": "#0" },
				"west": { "uv": [ 0.4375, 7, 0.625, 7.3125 ], "texture": "#0" },
				"up": { "uv": [ 7.625, 7.625, 7.5, 7.4375 ], "texture": "#0" },
				"down": { "uv": [ 0.125, 7.5625, 0, 7.75 ], "texture": "#0" }
			}
		},
		{
			"from": [ 19.5, 10, -9 ],
			"to": [ 21.5, 13, -4 ],
			"rotation": { "angle": 0, "axis": "y", "origin": [ -0.5, -3, -1 ] },
			"faces": {
				"north": { "uv": [ 7.5, 6.75, 7.625, 6.9375 ], "texture": "#0" },
				"east": { "uv": [ 4.375, 2.3125, 4.6875, 2.5 ], "texture": "#0" },
				"south": { "uv": [ 7.5, 6.9375, 7.625, 7.125 ], "texture": "#0" },
				"west": { "uv": [ 6.8125, 5.375, 7.125, 5.5625 ], "texture": "#0" },
				"up": { "uv": [ 7.3125, 1.6875, 7.1875, 1.375 ], "texture": "#0" },
				"down": { "uv": [ 2.0625, 7.1875, 1.9375, 7.5 ], "texture": "#0" }
			}
		},
		{
			"from": [ 19.5, 0, -9 ],
			"to": [ 21.5, 3, -4 ],
			"rotation": { "angle": 0, "axis": "y", "origin": [ -0.5, -3, -1 ] },
			"faces": {
				"north": { "uv": [ 1.125, 7.5625, 1.25, 7.75 ], "texture": "#0" },
				"east": { "uv": [ 6.9375, 3.5625, 7.25, 3.75 ], "texture": "#0" },
				"south": { "uv": [ 1.25, 7.5625, 1.375, 7.75 ], "texture": "#0" },
				"west": { "uv": [ 0.625, 7, 0.9375, 7.1875 ], "texture": "#0" },
				"up": { "uv": [ 7.3125, 6, 7.1875, 5.6875 ], "texture": "#0" },
				"down": { "uv": [ 7.3125, 6, 7.1875, 6.3125 ], "texture": "#0" }
			}
		},
		{
			"from": [ 19.5, 1, -11 ],
			"to": [ 21.5, 4, -9 ],
			"rotation": { "angle": 0, "axis": "y", "origin": [ -0.5, -3, -1 ] },
			"faces": {
				"north": { "uv": [ 0.125, 7.5625, 0.25, 7.75 ], "texture": "#0" },
				"east": { "uv": [ 7.5625, 0.25, 7.6875, 0.4375 ], "texture": "#0" },
				"south": { "uv": [ 0.875, 7.5625, 1, 7.75 ], "texture": "#0" },
				"west": { "uv": [ 1, 7.5625, 1.125, 7.75 ], "texture": "#0" },
				"up": { "uv": [ 8, 7.5625, 7.875, 7.4375 ], "texture": "#0" },
				"down": { "uv": [ 8, 7.5625, 7.875, 7.6875 ], "texture": "#0" }
			}
		},
		{
			"from": [ 19.5, 1, -4 ],
			"to": [ 21.5, 4, -2 ],
			"rotation": { "angle": 0, "axis": "y", "origin": [ -0.5, -3, -1 ] },
			"faces": {
				"north": { "uv": [ 6.25, 3.8125, 6.375, 4 ], "texture": "#0" },
				"east": { "uv": [ 7.4375, 3.75, 7.5625, 3.9375 ], "texture": "#0" },
				"south": { "uv": [ 7.4375, 7.1875, 7.5625, 7.375 ], "texture": "#0" },
				"west": { "uv": [ 7.375, 7.4375, 7.5, 7.625 ], "texture": "#0" },
				"up": { "uv": [ 5.4375, 5.6875, 5.3125, 5.5625 ], "texture": "#0" },
				"down": { "uv": [ 6.25, 3.9375, 6.125, 4.0625 ], "texture": "#0" }
			}
		},
		{
			"from": [ 19.5, 9, -4 ],
			"to": [ 21.5, 12, -2 ],
			"rotation": { "angle": 0, "axis": "y", "origin": [ -0.5, -3, -1 ] },
			"faces": {
				"north": { "uv": [ 0.75, 7.5, 0.875, 7.6875 ], "texture": "#0" },
				"east": { "uv": [ 7.5, 1.375, 7.625, 1.5625 ], "texture": "#0" },
				"south": { "uv": [ 1.9375, 7.5, 2.0625, 7.6875 ], "texture": "#0" },
				"west": { "uv": [ 2.0625, 7.5, 2.1875, 7.6875 ], "texture": "#0" },
				"up": { "uv": [ 4.1875, 6.8125, 4.0625, 6.6875 ], "texture": "#0" },
				"down": { "uv": [ 7, 5.0625, 6.875, 5.1875 ], "texture": "#0" }
			}
		},
		{
			"from": [ 19.5, 9, -11 ],
			"to": [ 21.5, 12, -9 ],
			"rotation": { "angle": 0, "axis": "y", "origin": [ -0.5, -3, -1 ] },
			"faces": {
				"north": { "uv": [ 7.5, 3.1875, 7.625, 3.375 ], "texture": "#0" },
				"east": { "uv": [ 7.5, 3.9375, 7.625, 4.125 ], "texture": "#0" },
				"south": { "uv": [ 7.5, 4.5, 7.625, 4.6875 ], "texture": "#0" },
				"west": { "uv": [ 7.5, 5.0625, 7.625, 5.25 ], "texture": "#0" },
				"up": { "uv": [ 7.125, 8, 7, 7.875 ], "texture": "#0" },
				"down": { "uv": [ 8, 7, 7.875, 7.125 ], "texture": "#0" }
			}
		},
		{
			"from": [ 19.5, 9, -12 ],
			"to": [ 21.5, 11, -11 ],
			"rotation": { "angle": 0, "axis": "y", "origin": [ -0.5, -3, -1 ] },
			"faces": {
				"north": { "uv": [ 7.125, 7.875, 7.25, 8 ], "texture": "#0" },
				"east": { "uv": [ 7.75, 1.4375, 7.8125, 1.5625 ], "texture": "#0" },
				"south": { "uv": [ 7.25, 7.875, 7.375, 8 ], "texture": "#0" },
				"west": { "uv": [ 7.75, 5.125, 7.8125, 5.25 ], "texture": "#0" },
				"up": { "uv": [ 6.375, 4.0625, 6.25, 4 ], "texture": "#0" },
				"down": { "uv": [ 1.6875, 6.9375, 1.5625, 7 ], "texture": "#0" }
			}
		},
		{
			"from": [ 19.5, 9, -2 ],
			"to": [ 21.5, 11, -1 ],
			"rotation": { "angle": 0, "axis": "y", "origin": [ -0.5, -3, -1 ] },
			"faces": {
				"north": { "uv": [ 7.875, 4.5, 8, 4.625 ], "texture": "#0" },
				"east": { "uv": [ 5.9375, 6.625, 6, 6.75 ], "texture": "#0" },
				"south": { "uv": [ 7.875, 4.9375, 8, 5.0625 ], "texture": "#0" },
				"west": { "uv": [ 7.1875, 3.4375, 7.25, 3.5625 ], "texture": "#0" },
				"up": { "uv": [ 0.6875, 4.875, 0.5625, 4.8125 ], "texture": "#0" },
				"down": { "uv": [ 4.9375, 5, 4.8125, 5.0625 ], "texture": "#0" }
			}
		},
		{
			"from": [ 19.5, 2, -2 ],
			"to": [ 21.5, 4, -1 ],
			"rotation": { "angle": 0, "axis": "y", "origin": [ -0.5, -3, -1 ] },
			"faces": {
				"north": { "uv": [ 7.875, 6.75, 8, 6.875 ], "texture": "#0" },
				"east": { "uv": [ 7.4375, 3.1875, 7.5, 3.3125 ], "texture": "#0" },
				"south": { "uv": [ 7.875, 6.875, 8, 7 ], "texture": "#0" },
				"west": { "uv": [ 7.6875, 0.3125, 7.75, 0.4375 ], "texture": "#0" },
				"up": { "uv": [ 5.375, 3, 5.25, 2.9375 ], "texture": "#0" },
				"down": { "uv": [ 0.5625, 5.5, 0.4375, 5.5625 ], "texture": "#0" }
			}
		},
		{
			"from": [ 19.5, 2, -12 ],
			"to": [ 21.5, 4, -11 ],
			"rotation": { "angle": 0, "axis": "y", "origin": [ -0.5, -3, -1 ] },
			"faces": {
				"north": { "uv": [ 7.875, 7.6875, 8, 7.8125 ], "texture": "#0" },
				"east": { "uv": [ 8, 7, 8.0625, 7.125 ], "texture": "#0" },
				"south": { "uv": [ 7.875, 7.8125, 8, 7.9375 ], "texture": "#0" },
				"west": { "uv": [ 8.0625, 1.4375, 8.125, 1.5625 ], "texture": "#0" },
				"up": { "uv": [ 2.375, 7.0625, 2.25, 7 ], "texture": "#0" },
				"down": { "uv": [ 7.375, 3.0625, 7.25, 3.125 ], "texture": "#0" }
			}
		},
		{
			"from": [ 19.5, 5, -8 ],
			"to": [ 21.5, 8, -5 ],
			"rotation": { "angle": 0, "axis": "y", "origin": [ -0.5, -3, -1 ] },
			"faces": {
				"north": { "uv": [ 7.5, 2.4375, 7.625, 2.625 ], "texture": "#0" },
				"east": { "uv": [ 5.0625, 2.125, 5.25, 2.3125 ], "texture": "#0" },
				"south": { "uv": [ 7.5, 2.625, 7.625, 2.8125 ], "texture": "#0" },
				"west": { "uv": [ 0.9375, 5.9375, 1.125, 6.125 ], "texture": "#0" },
				"up": { "uv": [ 7.625, 3, 7.5, 2.8125 ], "texture": "#0" },
				"down": { "uv": [ 7.625, 3, 7.5, 3.1875 ], "texture": "#0" }
			}
		},
		{
			"from": [ 19.5, 0, 18 ],
			"to": [ 21.5, 3, 23 ],
			"rotation": { "angle": 0, "axis": "y", "origin": [ -0.5, -3, -3 ] },
			"faces": {
				"north": { "uv": [ 7.625, 4.5, 7.75, 4.6875 ], "texture": "#0" },
				"east": { "uv": [ 0, 7.0625, 0.3125, 7.25 ], "texture": "#0" },
				"south": { "uv": [ 7.625, 5.0625, 7.75, 5.25 ], "texture": "#0" },
				"west": { "uv": [ 0.9375, 7.0625, 1.25, 7.25 ], "texture": "#0" },
				"up": { "uv": [ 1.25, 7.5625, 1.125, 7.25 ], "texture": "#0" },
				"down": { "uv": [ 1.375, 7.25, 1.25, 7.5625 ], "texture": "#0" }
			}
		},
		{
			"from": [ 19.5, 1, 16 ],
			"to": [ 21.5, 4, 18 ],
			"rotation": { "angle": 0, "axis": "y", "origin": [ -0.5, -3, -3 ] },
			"faces": {
				"north": { "uv": [ 7.625, 2.8125, 7.75, 3 ], "texture": "#0" },
				"east": { "uv": [ 7.625, 3, 7.75, 3.1875 ], "texture": "#0" },
				"south": { "uv": [ 7.625, 3.1875, 7.75, 3.375 ], "texture": "#0" },
				"west": { "uv": [ 7.625, 3.9375, 7.75, 4.125 ], "texture": "#0" },
				"up": { "uv": [ 8.0625, 3.1875, 7.9375, 3.0625 ], "texture": "#0" },
				"down": { "uv": [ 8.0625, 3.1875, 7.9375, 3.3125 ], "texture": "#0" }
			}
		},
		{
			"from": [ 18.5, 0, 18 ],
			"to": [ 19.5, 1, 23 ],
			"rotation": { "angle": 0, "axis": "y", "origin": [ -0.5, -3, -3 ] },
			"faces": {
				"north": { "uv": [ 1, 8.125, 1.0625, 8.1875 ], "texture": "#0" },
				"east": { "uv": [ 7.875, 0, 8.1875, 0.0625 ], "texture": "#0" },
				"south": { "uv": [ 1.0625, 8.125, 1.125, 8.1875 ], "texture": "#0" },
				"west": { "uv": [ 7.875, 0.0625, 8.1875, 0.125 ], "texture": "#0" },
				"up": { "uv": [ 7.9375, 3, 7.875, 2.6875 ], "texture": "#0" },
				"down": { "uv": [ 2.8125, 7.875, 2.75, 8.1875 ], "texture": "#0" }
			}
		},
		{
			"from": [ 18.5, 1, 16 ],
			"to": [ 19.5, 12, 25 ],
			"rotation": { "angle": 0, "axis": "y", "origin": [ -0.5, -3, -3 ] },
			"faces": {
				"north": { "uv": [ 3.5, 7.125, 3.5625, 7.8125 ], "texture": "#0" },
				"east": { "uv": [ 4.6875, 0, 5.25, 0.6875 ], "texture": "#0" },
				"south": { "uv": [ 7.125, 5.375, 7.1875, 6.0625 ], "texture": "#0" },
				"west": { "uv": [ 4.6875, 0.6875, 5.25, 1.375 ], "texture": "#0" },
				"up": { "uv": [ 5.0625, 7.875, 5, 7.3125 ], "texture": "#0" },
				"down": { "uv": [ 5.125, 7.3125, 5.0625, 7.875 ], "texture": "#0" }
			}
		},
		{
			"from": [ 18.5, 2, 15 ],
			"to": [ 19.5, 11, 16 ],
			"rotation": { "angle": 0, "axis": "y", "origin": [ -0.5, -3, -3 ] },
			"faces": {
				"north": { "uv": [ 3.375, 7.3125, 3.4375, 7.875 ], "texture": "#0" },
				"east": { "uv": [ 3.5625, 7.3125, 3.625, 7.875 ], "texture": "#0" },
				"south": { "uv": [ 3.625, 7.3125, 3.6875, 7.875 ], "texture": "#0" },
				"west": { "uv": [ 3.6875, 7.3125, 3.75, 7.875 ], "texture": "#0" },
				"up": { "uv": [ 8.1875, 0.9375, 8.125, 0.875 ], "texture": "#0" },
				"down": { "uv": [ 1, 8.125, 0.9375, 8.1875 ], "texture": "#0" }
			}
		},
		{
			"from": [ 18.5, 4, 14 ],
			"to": [ 19.5, 9, 15 ],
			"rotation": { "angle": 0, "axis": "y", "origin": [ -0.5, -3, -3 ] },
			"faces": {
				"north": { "uv": [ 1.75, 7.875, 1.8125, 8.1875 ], "texture": "#0" },
				"east": { "uv": [ 1.8125, 7.875, 1.875, 8.1875 ], "texture": "#0" },
				"south": { "uv": [ 1.875, 7.875, 1.9375, 8.1875 ], "texture": "#0" },
				"west": { "uv": [ 7.875, 2.375, 7.9375, 2.6875 ], "texture": "#0" },
				"up": { "uv": [ 8.1875, 0.875, 8.125, 0.8125 ], "texture": "#0" },
				"down": { "uv": [ 0.9375, 8.125, 0.875, 8.1875 ], "texture": "#0" }
			}
		},
		{
			"from": [ 19.5, 4, 14 ],
			"to": [ 21.5, 9, 17 ],
			"rotation": { "angle": 0, "axis": "y", "origin": [ -0.5, -3, -3 ] },
			"faces": {
				"north": { "uv": [ 0.875, 7.25, 1, 7.5625 ], "texture": "#0" },
				"east": { "uv": [ 3.5625, 7, 3.75, 7.3125 ], "texture": "#0" },
				"south": { "uv": [ 1, 7.25, 1.125, 7.5625 ], "texture": "#0" },
				"west": { "uv": [ 7, 6.9375, 7.1875, 7.25 ], "texture": "#0" },
				"up": { "uv": [ 7.75, 2.625, 7.625, 2.4375 ], "texture": "#0" },
				"down": { "uv": [ 7.75, 2.625, 7.625, 2.8125 ], "texture": "#0" }
			}
		},
		{
			"from": [ 19.5, 2, 15 ],
			"to": [ 21.5, 4, 16 ],
			"rotation": { "angle": 0, "axis": "y", "origin": [ -0.5, -3, -3 ] },
			"faces": {
				"north": { "uv": [ 7.9375, 2.8125, 8.0625, 2.9375 ], "texture": "#0" },
				"east": { "uv": [ 2.625, 8.0625, 2.6875, 8.1875 ], "texture": "#0" },
				"south": { "uv": [ 7.9375, 2.9375, 8.0625, 3.0625 ], "texture": "#0" },
				"west": { "uv": [ 8.0625, 2.625, 8.125, 2.75 ], "texture": "#0" },
				"up": { "uv": [ 8.1875, 2.8125, 8.0625, 2.75 ], "texture": "#0" },
				"down": { "uv": [ 8.1875, 2.8125, 8.0625, 2.875 ], "texture": "#0" }
			}
		},
		{
			"from": [ 19.5, 9, 16 ],
			"to": [ 21.5, 12, 18 ],
			"rotation": { "angle": 0, "axis": "y", "origin": [ -0.5, -3, -3 ] },
			"faces": {
				"north": { "uv": [ 6.75, 7.5625, 6.875, 7.75 ], "texture": "#0" },
				"east": { "uv": [ 6.875, 7.5625, 7, 7.75 ], "texture": "#0" },
				"south": { "uv": [ 7.5625, 7.125, 7.6875, 7.3125 ], "texture": "#0" },
				"west": { "uv": [ 7.625, 1.375, 7.75, 1.5625 ], "texture": "#0" },
				"up": { "uv": [ 8.0625, 2.6875, 7.9375, 2.5625 ], "texture": "#0" },
				"down": { "uv": [ 8.0625, 2.6875, 7.9375, 2.8125 ], "texture": "#0" }
			}
		},
		{
			"from": [ 19.5, 9, 15 ],
			"to": [ 21.5, 11, 16 ],
			"rotation": { "angle": 0, "axis": "y", "origin": [ -0.5, -3, -3 ] },
			"faces": {
				"north": { "uv": [ 7.9375, 2.4375, 8.0625, 2.5625 ], "texture": "#0" },
				"east": { "uv": [ 2.4375, 8.0625, 2.5, 8.1875 ], "texture": "#0" },
				"south": { "uv": [ 2.5625, 7.9375, 2.6875, 8.0625 ], "texture": "#0" },
				"west": { "uv": [ 8.0625, 2.4375, 8.125, 2.5625 ], "texture": "#0" },
				"up": { "uv": [ 2.625, 8.125, 2.5, 8.0625 ], "texture": "#0" },
				"down": { "uv": [ 8.1875, 2.5625, 8.0625, 2.625 ], "texture": "#0" }
			}
		},
		{
			"from": [ 18.5, 12, 18 ],
			"to": [ 19.5, 13, 23 ],
			"rotation": { "angle": 0, "axis": "y", "origin": [ -0.5, -3, -3 ] },
			"faces": {
				"north": { "uv": [ 8.125, 0.6875, 8.1875, 0.75 ], "texture": "#0" },
				"east": { "uv": [ 7.8125, 7.25, 8.125, 7.3125 ], "texture": "#0" },
				"south": { "uv": [ 8.125, 0.75, 8.1875, 0.8125 ], "texture": "#0" },
				"west": { "uv": [ 7.8125, 7.375, 8.125, 7.4375 ], "texture": "#0" },
				"up": { "uv": [ 1.6875, 8.1875, 1.625, 7.875 ], "texture": "#0" },
				"down": { "uv": [ 1.75, 7.875, 1.6875, 8.1875 ], "texture": "#0" }
			}
		},
		{
			"from": [ 19.5, 10, 18 ],
			"to": [ 21.5, 13, 23 ],
			"rotation": { "angle": 0, "axis": "y", "origin": [ -0.5, -3, -3 ] },
			"faces": {
				"north": { "uv": [ 6.0625, 7.5625, 6.1875, 7.75 ], "texture": "#0" },
				"east": { "uv": [ 1.9375, 7, 2.25, 7.1875 ], "texture": "#0" },
				"south": { "uv": [ 6.625, 7.5625, 6.75, 7.75 ], "texture": "#0" },
				"west": { "uv": [ 7, 5.0625, 7.3125, 5.25 ], "texture": "#0" },
				"up": { "uv": [ 0.125, 7.5625, 0, 7.25 ], "texture": "#0" },
				"down": { "uv": [ 0.25, 7.25, 0.125, 7.5625 ], "texture": "#0" }
			}
		},
		{
			"from": [ 19.5, 9, 23 ],
			"to": [ 21.5, 12, 25 ],
			"rotation": { "angle": 0, "axis": "y", "origin": [ -0.5, -3, -3 ] },
			"faces": {
				"north": { "uv": [ 4.3125, 7.5625, 4.4375, 7.75 ], "texture": "#0" },
				"east": { "uv": [ 7.5625, 4.3125, 7.6875, 4.5 ], "texture": "#0" },
				"south": { "uv": [ 4.4375, 7.5625, 4.5625, 7.75 ], "texture": "#0" },
				"west": { "uv": [ 5.9375, 7.5625, 6.0625, 7.75 ], "texture": "#0" },
				"up": { "uv": [ 8.0625, 2.4375, 7.9375, 2.3125 ], "texture": "#0" },
				"down": { "uv": [ 2.5625, 7.9375, 2.4375, 8.0625 ], "texture": "#0" }
			}
		},
		{
			"from": [ 18.5, 2, 25 ],
			"to": [ 19.5, 11, 26 ],
			"rotation": { "angle": 0, "axis": "y", "origin": [ -0.5, -3, -3 ] },
			"faces": {
				"north": { "uv": [ 3.125, 7.3125, 3.1875, 7.875 ], "texture": "#0" },
				"east": { "uv": [ 3.1875, 7.3125, 3.25, 7.875 ], "texture": "#0" },
				"south": { "uv": [ 3.25, 7.3125, 3.3125, 7.875 ], "texture": "#0" },
				"west": { "uv": [ 3.3125, 7.3125, 3.375, 7.875 ], "texture": "#0" },
				"up": { "uv": [ 8.1875, 0.625, 8.125, 0.5625 ], "texture": "#0" },
				"down": { "uv": [ 8.1875, 0.625, 8.125, 0.6875 ], "texture": "#0" }
			}
		},
		{
			"from": [ 19.5, 9, 25 ],
			"to": [ 21.5, 11, 26 ],
			"rotation": { "angle": 0, "axis": "y", "origin": [ -0.5, -3, -3 ] },
			"faces": {
				"north": { "uv": [ 7.9375, 2.1875, 8.0625, 2.3125 ], "texture": "#0" },
				"east": { "uv": [ 2.25, 8.0625, 2.3125, 8.1875 ], "texture": "#0" },
				"south": { "uv": [ 2.3125, 7.9375, 2.4375, 8.0625 ], "texture": "#0" },
				"west": { "uv": [ 8.0625, 2.25, 8.125, 2.375 ], "texture": "#0" },
				"up": { "uv": [ 2.4375, 8.125, 2.3125, 8.0625 ], "texture": "#0" },
				"down": { "uv": [ 8.1875, 2.375, 8.0625, 2.4375 ], "texture": "#0" }
			}
		},
		{
			"from": [ 18.5, 4, 26 ],
			"to": [ 19.5, 9, 27 ],
			"rotation": { "angle": 0, "axis": "y", "origin": [ -0.5, -3, -3 ] },
			"faces": {
				"north": { "uv": [ 0.6875, 7.875, 0.75, 8.1875 ], "texture": "#0" },
				"east": { "uv": [ 7.875, 1.0625, 7.9375, 1.375 ], "texture": "#0" },
				"south": { "uv": [ 1.5, 7.875, 1.5625, 8.1875 ], "texture": "#0" },
				"west": { "uv": [ 1.5625, 7.875, 1.625, 8.1875 ], "texture": "#0" },
				"up": { "uv": [ 0.25, 8.1875, 0.1875, 8.125 ], "texture": "#0" },
				"down": { "uv": [ 8.1875, 0.5, 8.125, 0.5625 ], "texture": "#0" }
			}
		},
		{
			"from": [ 19.5, 4, 24 ],
			"to": [ 21.5, 9, 27 ],
			"rotation": { "angle": 0, "axis": "y", "origin": [ -0.5, -3, -3 ] },
			"faces": {
				"north": { "uv": [ 7.1875, 6.3125, 7.3125, 6.625 ], "texture": "#0" },
				"east": { "uv": [ 1.5625, 7, 1.75, 7.3125 ], "texture": "#0" },
				"south": { "uv": [ 7.1875, 6.9375, 7.3125, 7.25 ], "texture": "#0" },
				"west": { "uv": [ 1.75, 7, 1.9375, 7.3125 ], "texture": "#0" },
				"up": { "uv": [ 4.1875, 7.75, 4.0625, 7.5625 ], "texture": "#0" },
				"down": { "uv": [ 4.3125, 7.5625, 4.1875, 7.75 ], "texture": "#0" }
			}
		},
		{
			"from": [ 19.5, 1, 23 ],
			"to": [ 21.5, 4, 25 ],
			"rotation": { "angle": 0, "axis": "y", "origin": [ -0.5, -3, -3 ] },
			"faces": {
				"north": { "uv": [ 2.4375, 7.5625, 2.5625, 7.75 ], "texture": "#0" },
				"east": { "uv": [ 7.5625, 3.375, 7.6875, 3.5625 ], "texture": "#0" },
				"south": { "uv": [ 7.5625, 3.75, 7.6875, 3.9375 ], "texture": "#0" },
				"west": { "uv": [ 3.9375, 7.5625, 4.0625, 7.75 ], "texture": "#0" },
				"up": { "uv": [ 8.0625, 1.9375, 7.9375, 1.8125 ], "texture": "#0" },
				"down": { "uv": [ 2.3125, 7.9375, 2.1875, 8.0625 ], "texture": "#0" }
			}
		},
		{
			"from": [ 19.5, 2, 25 ],
			"to": [ 21.5, 4, 26 ],
			"rotation": { "angle": 0, "axis": "y", "origin": [ -0.5, -3, -3 ] },
			"faces": {
				"north": { "uv": [ 7.9375, 1.5625, 8.0625, 1.6875 ], "texture": "#0" },
				"east": { "uv": [ 2, 8.0625, 2.0625, 8.1875 ], "texture": "#0" },
				"south": { "uv": [ 7.9375, 1.6875, 8.0625, 1.8125 ], "texture": "#0" },
				"west": { "uv": [ 2.0625, 8.0625, 2.125, 8.1875 ], "texture": "#0" },
				"up": { "uv": [ 2.25, 8.125, 2.125, 8.0625 ], "texture": "#0" },
				"down": { "uv": [ 8.1875, 2.1875, 8.0625, 2.25 ], "texture": "#0" }
			}
		},
		{
			"from": [ 19.5, 5, 19 ],
			"to": [ 21.5, 8, 22 ],
			"rotation": { "angle": 0, "axis": "y", "origin": [ -0.5, -3, -3 ] },
			"faces": {
				"north": { "uv": [ 1.375, 7.5625, 1.5, 7.75 ], "texture": "#0" },
				"east": { "uv": [ 6, 6.25, 6.1875, 6.4375 ], "texture": "#0" },
				"south": { "uv": [ 7.5625, 1.875, 7.6875, 2.0625 ], "texture": "#0" },
				"west": { "uv": [ 7.25, 0.0625, 7.4375, 0.25 ], "texture": "#0" },
				"up": { "uv": [ 2.3125, 7.75, 2.1875, 7.5625 ], "texture": "#0" },
				"down": { "uv": [ 2.4375, 7.5625, 2.3125, 7.75 ], "texture": "#0" }
			}
		},
		{
			"from": [ -3.5, 12, -9 ],
			"to": [ -2.5, 13, -4 ],
			"rotation": { "angle": 0, "axis": "y", "origin": [ 16.5, -3, -1 ] },
			"faces": {
				"north": { "uv": [ 3.4375, 8.125, 3.5, 8.1875 ], "texture": "#0" },
				"east": { "uv": [ 7.875, 3.9375, 8.1875, 4 ], "texture": "#0" },
				"south": { "uv": [ 8.125, 3.4375, 8.1875, 3.5 ], "texture": "#0" },
				"west": { "uv": [ 7.875, 4, 8.1875, 4.0625 ], "texture": "#0" },
				"up": { "uv": [ 5.9375, 8.1875, 5.875, 7.875 ], "texture": "#0" },
				"down": { "uv": [ 6.25, 7.875, 6.1875, 8.1875 ], "texture": "#0" }
			}
		},
		{
			"from": [ -3.5, 2, -12 ],
			"to": [ -2.5, 11, -11 ],
			"rotation": { "angle": 0, "axis": "y", "origin": [ 16.5, -3, -1 ] },
			"faces": {
				"north": { "uv": [ 2.5625, 7.375, 2.625, 7.9375 ], "texture": "#0" },
				"east": { "uv": [ 2.625, 7.375, 2.6875, 7.9375 ], "texture": "#0" },
				"south": { "uv": [ 2.6875, 7.375, 2.75, 7.9375 ], "texture": "#0" },
				"west": { "uv": [ 7.375, 2.75, 7.4375, 3.3125 ], "texture": "#0" },
				"up": { "uv": [ 8.1875, 3.3125, 8.125, 3.25 ], "texture": "#0" },
				"down": { "uv": [ 8.1875, 3.3125, 8.125, 3.375 ], "texture": "#0" }
			}
		},
		{
			"from": [ -3.5, 4, -13 ],
			"to": [ -2.5, 9, -12 ],
			"rotation": { "angle": 0, "axis": "y", "origin": [ 16.5, -3, -1 ] },
			"faces": {
				"north": { "uv": [ 5.625, 7.875, 5.6875, 8.1875 ], "texture": "#0" },
				"east": { "uv": [ 5.6875, 7.875, 5.75, 8.1875 ], "texture": "#0" },
				"south": { "uv": [ 5.75, 7.875, 5.8125, 8.1875 ], "texture": "#0" },
				"west": { "uv": [ 5.8125, 7.875, 5.875, 8.1875 ], "texture": "#0" },
				"up": { "uv": [ 8.1875, 3.0625, 8.125, 3 ], "texture": "#0" },
				"down": { "uv": [ 8.1875, 3.0625, 8.125, 3.125 ], "texture": "#0" }
			}
		},
		{
			"from": [ -3.5, 2, -2 ],
			"to": [ -2.5, 11, -1 ],
			"rotation": { "angle": 0, "axis": "y", "origin": [ 16.5, -3, -1 ] },
			"faces": {
				"north": { "uv": [ 5.8125, 7.3125, 5.875, 7.875 ], "texture": "#0" },
				"east": { "uv": [ 5.875, 7.3125, 5.9375, 7.875 ], "texture": "#0" },
				"south": { "uv": [ 7.3125, 5.9375, 7.375, 6.5 ], "texture": "#0" },
				"west": { "uv": [ 7.3125, 6.9375, 7.375, 7.5 ], "texture": "#0" },
				"up": { "uv": [ 8.1875, 2.9375, 8.125, 2.875 ], "texture": "#0" },
				"down": { "uv": [ 8.1875, 2.9375, 8.125, 3 ], "texture": "#0" }
			}
		},
		{
			"from": [ -3.5, 4, -1 ],
			"to": [ -2.5, 9, 0 ],
			"rotation": { "angle": 0, "axis": "y", "origin": [ 16.5, -3, -1 ] },
			"faces": {
				"north": { "uv": [ 5.375, 7.875, 5.4375, 8.1875 ], "texture": "#0" },
				"east": { "uv": [ 5.4375, 7.875, 5.5, 8.1875 ], "texture": "#0" },
				"south": { "uv": [ 5.5, 7.875, 5.5625, 8.1875 ], "texture": "#0" },
				"west": { "uv": [ 5.5625, 7.875, 5.625, 8.1875 ], "texture": "#0" },
				"up": { "uv": [ 8.1875, 2.6875, 8.125, 2.625 ], "texture": "#0" },
				"down": { "uv": [ 8.1875, 2.6875, 8.125, 2.75 ], "texture": "#0" }
			}
		},
		{
			"from": [ -5.5, 4, -3 ],
			"to": [ -3.5, 9, 0 ],
			"rotation": { "angle": 0, "axis": "y", "origin": [ 16.5, -3, -1 ] },
			"faces": {
				"north": { "uv": [ 6.75, 7.25, 6.875, 7.5625 ], "texture": "#0" },
				"east": { "uv": [ 7.125, 3.9375, 7.3125, 4.25 ], "texture": "#0" },
				"south": { "uv": [ 6.875, 7.25, 7, 7.5625 ], "texture": "#0" },
				"west": { "uv": [ 7.125, 4.5, 7.3125, 4.8125 ], "texture": "#0" },
				"up": { "uv": [ 7.9375, 6.5625, 7.8125, 6.375 ], "texture": "#0" },
				"down": { "uv": [ 6.5625, 7.8125, 6.4375, 8 ], "texture": "#0" }
			}
		},
		{
			"from": [ -5.5, 1, -4 ],
			"to": [ -3.5, 4, -2 ],
			"rotation": { "angle": 0, "axis": "y", "origin": [ 16.5, -3, -1 ] },
			"faces": {
				"north": { "uv": [ 7.8125, 5.8125, 7.9375, 6 ], "texture": "#0" },
				"east": { "uv": [ 7.8125, 6, 7.9375, 6.1875 ], "texture": "#0" },
				"south": { "uv": [ 7.8125, 6.1875, 7.9375, 6.375 ], "texture": "#0" },
				"west": { "uv": [ 6.3125, 7.8125, 6.4375, 8 ], "texture": "#0" },
				"up": { "uv": [ 8.125, 7, 8, 6.875 ], "texture": "#0" },
				"down": { "uv": [ 7.125, 8, 7, 8.125 ], "texture": "#0" }
			}
		},
		{
			"from": [ -5.5, 9, -4 ],
			"to": [ -3.5, 12, -2 ],
			"rotation": { "angle": 0, "axis": "y", "origin": [ 16.5, -3, -1 ] },
			"faces": {
				"north": { "uv": [ 4.75, 7.8125, 4.875, 8 ], "texture": "#0" },
				"east": { "uv": [ 7.8125, 5.125, 7.9375, 5.3125 ], "texture": "#0" },
				"south": { "uv": [ 7.8125, 5.4375, 7.9375, 5.625 ], "texture": "#0" },
				"west": { "uv": [ 7.8125, 5.625, 7.9375, 5.8125 ], "texture": "#0" },
				"up": { "uv": [ 6.5625, 8.125, 6.4375, 8 ], "texture": "#0" },
				"down": { "uv": [ 8.125, 6.75, 8, 6.875 ], "texture": "#0" }
			}
		},
		{
			"from": [ -5.5, 9, -2 ],
			"to": [ -3.5, 11, -1 ],
			"rotation": { "angle": 0, "axis": "y", "origin": [ 16.5, -3, -1 ] },
			"faces": {
				"north": { "uv": [ 8, 6.25, 8.125, 6.375 ], "texture": "#0" },
				"east": { "uv": [ 8.0625, 7.5, 8.125, 7.625 ], "texture": "#0" },
				"south": { "uv": [ 6.3125, 8, 6.4375, 8.125 ], "texture": "#0" },
				"west": { "uv": [ 8.0625, 7.625, 8.125, 7.75 ], "texture": "#0" },
				"up": { "uv": [ 8.1875, 7.8125, 8.0625, 7.75 ], "texture": "#0" },
				"down": { "uv": [ 8.1875, 7.8125, 8.0625, 7.875 ], "texture": "#0" }
			}
		},
		{
			"from": [ -5.5, 2, -2 ],
			"to": [ -3.5, 4, -1 ],
			"rotation": { "angle": 0, "axis": "y", "origin": [ 16.5, -3, -1 ] },
			"faces": {
				"north": { "uv": [ 8, 4.9375, 8.125, 5.0625 ], "texture": "#0" },
				"east": { "uv": [ 6.9375, 8.0625, 7, 8.1875 ], "texture": "#0" },
				"south": { "uv": [ 8, 6.125, 8.125, 6.25 ], "texture": "#0" },
				"west": { "uv": [ 8.0625, 7, 8.125, 7.125 ], "texture": "#0" },
				"up": { "uv": [ 8.1875, 7.375, 8.0625, 7.3125 ], "texture": "#0" },
				"down": { "uv": [ 8.1875, 7.4375, 8.0625, 7.5 ], "texture": "#0" }
			}
		},
		{
			"from": [ -5.5, 5, -8 ],
			"to": [ -3.5, 8, -5 ],
			"rotation": { "angle": 0, "axis": "y", "origin": [ 16.5, -3, -1 ] },
			"faces": {
				"north": { "uv": [ 7.8125, 3.75, 7.9375, 3.9375 ], "texture": "#0" },
				"east": { "uv": [ 7.3125, 1.375, 7.5, 1.5625 ], "texture": "#0" },
				"south": { "uv": [ 7.8125, 4.125, 7.9375, 4.3125 ], "texture": "#0" },
				"west": { "uv": [ 7.3125, 3.9375, 7.5, 4.125 ], "texture": "#0" },
				"up": { "uv": [ 7.9375, 4.5, 7.8125, 4.3125 ], "texture": "#0" },
				"down": { "uv": [ 7.9375, 4.6875, 7.8125, 4.875 ], "texture": "#0" }
			}
		},
		{
			"from": [ -3.5, 1, -11 ],
			"to": [ -2.5, 12, -2 ],
			"rotation": { "angle": 0, "axis": "y", "origin": [ 16.5, -3, -1 ] },
			"faces": {
				"north": { "uv": [ 0.625, 7.1875, 0.6875, 7.875 ], "texture": "#0" },
				"east": { "uv": [ 0.5625, 4.875, 1.125, 5.5625 ], "texture": "#0" },
				"south": { "uv": [ 0.6875, 7.1875, 0.75, 7.875 ], "texture": "#0" },
				"west": { "uv": [ 1.125, 4.875, 1.6875, 5.5625 ], "texture": "#0" },
				"up": { "uv": [ 5.75, 7.875, 5.6875, 7.3125 ], "texture": "#0" },
				"down": { "uv": [ 5.8125, 7.3125, 5.75, 7.875 ], "texture": "#0" }
			}
		},
		{
			"from": [ -5.5, 9, -11 ],
			"to": [ -3.5, 12, -9 ],
			"rotation": { "angle": 0, "axis": "y", "origin": [ 16.5, -3, -1 ] },
			"faces": {
				"north": { "uv": [ 7.8125, 1.8125, 7.9375, 2 ], "texture": "#0" },
				"east": { "uv": [ 7.8125, 2.1875, 7.9375, 2.375 ], "texture": "#0" },
				"south": { "uv": [ 7.8125, 3.3125, 7.9375, 3.5 ], "texture": "#0" },
				"west": { "uv": [ 3.4375, 7.8125, 3.5625, 8 ], "texture": "#0" },
				"up": { "uv": [ 8.125, 4.5625, 8, 4.4375 ], "texture": "#0" },
				"down": { "uv": [ 4.875, 8, 4.75, 8.125 ], "texture": "#0" }
			}
		},
		{
			"from": [ -5.5, 10, -9 ],
			"to": [ -3.5, 13, -4 ],
			"rotation": { "angle": 0, "axis": "y", "origin": [ 16.5, -3, -1 ] },
			"faces": {
				"north": { "uv": [ 7.8125, 1.4375, 7.9375, 1.625 ], "texture": "#0" },
				"east": { "uv": [ 3.125, 7.125, 3.4375, 7.3125 ], "texture": "#0" },
				"south": { "uv": [ 7.8125, 1.625, 7.9375, 1.8125 ], "texture": "#0" },
				"west": { "uv": [ 7.125, 3.75, 7.4375, 3.9375 ], "texture": "#0" },
				"up": { "uv": [ 6.1875, 7.5625, 6.0625, 7.25 ], "texture": "#0" },
				"down": { "uv": [ 6.75, 7.25, 6.625, 7.5625 ], "texture": "#0" }
			}
		},
		{
			"from": [ -5.5, 9, -12 ],
			"to": [ -3.5, 11, -11 ],
			"rotation": { "angle": 0, "axis": "y", "origin": [ 16.5, -3, -1 ] },
			"faces": {
				"north": { "uv": [ 8, 4.0625, 8.125, 4.1875 ], "texture": "#0" },
				"east": { "uv": [ 8.0625, 6, 8.125, 6.125 ], "texture": "#0" },
				"south": { "uv": [ 8, 4.1875, 8.125, 4.3125 ], "texture": "#0" },
				"west": { "uv": [ 6.125, 8.0625, 6.1875, 8.1875 ], "texture": "#0" },
				"up": { "uv": [ 8.1875, 6.4375, 8.0625, 6.375 ], "texture": "#0" },
				"down": { "uv": [ 8.1875, 6.4375, 8.0625, 6.5 ], "texture": "#0" }
			}
		},
		{
			"from": [ -5.5, 4, -13 ],
			"to": [ -3.5, 9, -10 ],
			"rotation": { "angle": 0, "axis": "y", "origin": [ 16.5, -3, -1 ] },
			"faces": {
				"north": { "uv": [ 4.4375, 7.25, 4.5625, 7.5625 ], "texture": "#0" },
				"east": { "uv": [ 2.75, 7.125, 2.9375, 7.4375 ], "texture": "#0" },
				"south": { "uv": [ 5.9375, 7.25, 6.0625, 7.5625 ], "texture": "#0" },
				"west": { "uv": [ 2.9375, 7.125, 3.125, 7.4375 ], "texture": "#0" },
				"up": { "uv": [ 7.9375, 0.75, 7.8125, 0.5625 ], "texture": "#0" },
				"down": { "uv": [ 7.9375, 0.75, 7.8125, 0.9375 ], "texture": "#0" }
			}
		},
		{
			"from": [ -5.5, 1, -11 ],
			"to": [ -3.5, 4, -9 ],
			"rotation": { "angle": 0, "axis": "y", "origin": [ 16.5, -3, -1 ] },
			"faces": {
				"north": { "uv": [ 6.8125, 7.75, 6.9375, 7.9375 ], "texture": "#0" },
				"east": { "uv": [ 7.75, 6.9375, 7.875, 7.125 ], "texture": "#0" },
				"south": { "uv": [ 7.75, 7.4375, 7.875, 7.625 ], "texture": "#0" },
				"west": { "uv": [ 7.75, 7.625, 7.875, 7.8125 ], "texture": "#0" },
				"up": { "uv": [ 8.125, 1.3125, 8, 1.1875 ], "texture": "#0" },
				"down": { "uv": [ 3.5625, 8, 3.4375, 8.125 ], "texture": "#0" }
			}
		},
		{
			"from": [ -5.5, 2, -12 ],
			"to": [ -3.5, 4, -11 ],
			"rotation": { "angle": 0, "axis": "y", "origin": [ 15.5, -3, -1 ] },
			"faces": {
				"north": { "uv": [ 7.9375, 6.375, 8.0625, 6.5 ], "texture": "#0" },
				"east": { "uv": [ 8.0625, 5.8125, 8.125, 5.9375 ], "texture": "#0" },
				"south": { "uv": [ 8, 1.0625, 8.125, 1.1875 ], "texture": "#0" },
				"west": { "uv": [ 5.9375, 8.0625, 6, 8.1875 ], "texture": "#0" },
				"up": { "uv": [ 8.1875, 6, 8.0625, 5.9375 ], "texture": "#0" },
				"down": { "uv": [ 6.125, 8.0625, 6, 8.125 ], "texture": "#0" }
			}
		},
		{
			"from": [ -5.5, 0, -9 ],
			"to": [ -2.5, 3, -4 ],
			"rotation": { "angle": 0, "axis": "y", "origin": [ 16.5, -3, -1 ] },
			"faces": {
				"north": { "uv": [ 6.6875, 7.75, 6.8125, 7.9375 ], "texture": "#0" },
				"east": { "uv": [ 7.0625, 4.3125, 7.375, 4.5 ], "texture": "#0" },
				"south": { "uv": [ 7.75, 6.75, 7.875, 6.9375 ], "texture": "#0" },
				"west": { "uv": [ 5.9375, 7.0625, 6.25, 7.25 ], "texture": "#0" },
				"up": { "uv": [ 4.3125, 7.5625, 4.1875, 7.25 ], "texture": "#0" },
				"down": { "uv": [ 4.4375, 7.25, 4.3125, 7.5625 ], "texture": "#0" }
			}
		},
		{
			"from": [ 0.5, 4.999, -3 ],
			"to": [ 10.5, 17.999, 11.4 ],
			"rotation": { "angle": -22.5, "axis": "y", "origin": [ 16.5, 1, 0 ] },
			"faces": {
				"north": { "uv": [ 4.0625, 0.8125, 4.6875, 1.625 ], "texture": "#0" },
				"east": { "uv": [ 2.875, 3.25, 3.75, 4.0625 ], "texture": "#0" },
				"south": { "uv": [ 2.75, 4.0625, 3.375, 4.875 ], "texture": "#0" },
				"west": { "uv": [ 0, 3.3125, 0.875, 4.125 ], "texture": "#0" },
				"up": { "uv": [ 2.75, 4.1875, 2.125, 3.3125 ], "texture": "#0" },
				"down": { "uv": [ 4.375, 1.625, 3.75, 2.5 ], "texture": "#0" }
			}
		},
		{
			"from": [ -2.64466, 4.999, 3.40929 ],
			"to": [ 1.30534, 17.999, 26.30929 ],
			"rotation": { "angle": 0, "axis": "y", "origin": [ 17.25534, 0.999, -2.84071 ] },
			"faces": {
				"north": { "uv": [ 0.4375, 5.9375, 0.6875, 6.75 ], "texture": "#0" },
				"east": { "uv": [ 2.625, 0, 4.0625, 0.8125 ], "texture": "#0" },
				"south": { "uv": [ 0.6875, 5.9375, 0.9375, 6.75 ], "texture": "#0" },
				"west": { "uv": [ 2.625, 0.8125, 4.0625, 1.625 ], "texture": "#0" },
				"up": { "uv": [ 2.875, 6.3125, 2.625, 4.875 ], "texture": "#0" },
				"down": { "uv": [ 3.125, 4.875, 2.875, 6.3125 ], "texture": "#0" }
			}
		},
		{
			"from": [ -7.5, 4, 1.4 ],
			"to": [ 0.5, 10, 2.4 ],
			"rotation": { "angle": 0, "axis": "y", "origin": [ 16.5, 1, -2 ] },
			"faces": {
				"north": { "uv": [ 5.9375, 1.75, 6.4375, 2.125 ], "texture": "#0" },
				"east": { "uv": [ 6.25, 7.75, 6.3125, 8.125 ], "texture": "#0" },
				"south": { "uv": [ 4.625, 5.9375, 5.125, 6.3125 ], "texture": "#0" },
				"west": { "uv": [ 6.625, 7.75, 6.6875, 8.125 ], "texture": "#0" },
				"up": { "uv": [ 7.875, 3.75, 7.375, 3.6875 ], "texture": "#0" },
				"down": { "uv": [ 7.875, 5.375, 7.375, 5.4375 ], "texture": "#0" }
			}
		},
		{
			"from": [ -7.499, 7.6, 4.5 ],
			"to": [ 0.501, 11.6, 5.5 ],
			"rotation": { "angle": -22.5, "axis": "x", "origin": [ 16.5, 1, -2 ] },
			"faces": {
				"north": { "uv": [ 0.4375, 6.75, 0.9375, 7 ], "texture": "#0" },
				"east": { "uv": [ 7.9375, 7.9375, 8, 8.1875 ], "texture": "#0" },
				"south": { "uv": [ 1.875, 6.75, 2.375, 7 ], "texture": "#0" },
				"west": { "uv": [ 8, 0.5625, 8.0625, 0.8125 ], "texture": "#0" },
				"up": { "uv": [ 7.875, 2.125, 7.375, 2.0625 ], "texture": "#0" },
				"down": { "uv": [ 7.875, 3.625, 7.375, 3.6875 ], "texture": "#0" }
			}
		},
		{
			"from": [ -7.498, 12.8, -9.2 ],
			"to": [ 0.502, 13.8, -4.2 ],
			"rotation": { "angle": 22.5, "axis": "x", "origin": [ 16.5, 1, -2 ] },
			"faces": {
				"north": { "uv": [ 7.3125, 6.5, 7.8125, 6.5625 ], "texture": "#0" },
				"east": { "uv": [ 7.875, 3.625, 8.1875, 3.6875 ], "texture": "#0" },
				"south": { "uv": [ 7.3125, 6.5625, 7.8125, 6.625 ], "texture": "#0" },
				"west": { "uv": [ 7.875, 3.6875, 8.1875, 3.75 ], "texture": "#0" },
				"up": { "uv": [ 6.9375, 1.6875, 6.4375, 1.375 ], "texture": "#0" },
				"down": { "uv": [ 6.9375, 1.6875, 6.4375, 2 ], "texture": "#0" }
			}
		},
		{
			"from": [ -7.497, 14.58, -9.75 ],
			"to": [ 3.503, 15.58, -3.75 ],
			"rotation": { "angle": 0, "axis": "x", "origin": [ 16.5, 1, -2 ] },
			"faces": {
				"north": { "uv": [ 6.8125, 2.4375, 7.5, 2.5 ], "texture": "#0" },
				"east": { "uv": [ 7.6875, 1, 8.0625, 1.0625 ], "texture": "#0" },
				"south": { "uv": [ 7.0625, 1.25, 7.75, 1.3125 ], "texture": "#0" },
				"west": { "uv": [ 7.75, 0.5, 8.125, 0.5625 ], "texture": "#0" },
				"up": { "uv": [ 6.375, 0.375, 5.6875, 0 ], "texture": "#0" },
				"down": { "uv": [ 6.375, 0.375, 5.6875, 0.75 ], "texture": "#0" }
			}
		},
		{
			"from": [ -7.496, 22.558, -5.35 ],
			"to": [ 2.504, 23.558, -2.35 ],
			"rotation": { "angle": -22.5, "axis": "x", "origin": [ 16.5, 1, 14 ] },
			"faces": {
				"north": { "uv": [ 7.1875, 6.6875, 7.8125, 6.75 ], "texture": "#0" },
				"east": { "uv": [ 7.9375, 3.875, 8.125, 3.9375 ], "texture": "#0" },
				"south": { "uv": [ 7.25, 0, 7.875, 0.0625 ], "texture": "#0" },
				"west": { "uv": [ 7.9375, 6.5, 8.125, 6.5625 ], "texture": "#0" },
				"up": { "uv": [ 7.375, 3.3125, 6.75, 3.125 ], "texture": "#0" },
				"down": { "uv": [ 7.25, 6.75, 6.625, 6.9375 ], "texture": "#0" }
			}
		},
		{
			"from": [ -7.499, -5.5, -15.48 ],
			"to": [ 2.501, 2.5, -14.48 ],
			"rotation": { "angle": 22.5, "axis": "x", "origin": [ 16.5, 1, 16 ] },
			"faces": {
				"north": { "uv": [ 4.8125, 5.0625, 5.4375, 5.5625 ], "texture": "#0" },
				"east": { "uv": [ 4.625, 7.375, 4.6875, 7.875 ], "texture": "#0" },
				"south": { "uv": [ 3.125, 5.125, 3.75, 5.625 ], "texture": "#0" },
				"west": { "uv": [ 4.6875, 7.375, 4.75, 7.875 ], "texture": "#0" },
				"up": { "uv": [ 7.8125, 1.875, 7.1875, 1.8125 ], "texture": "#0" },
				"down": { "uv": [ 7.8125, 6.625, 7.1875, 6.6875 ], "texture": "#0" }
			}
		},
		{
			"from": [ -2.497, 16.58, -11.75 ],
			"to": [ 1.503, 20.58, -7.75 ],
			"rotation": { "angle": 0, "axis": "x", "origin": [ 16.5, 1, -2 ] },
			"faces": {
				"north": { "uv": [ 6.875, 4.8125, 7.125, 5.0625 ], "texture": "#0" },
				"east": { "uv": [ 6.875, 5.9375, 7.125, 6.1875 ], "texture": "#0" },
				"south": { "uv": [ 6.875, 6.1875, 7.125, 6.4375 ], "texture": "#0" },
				"west": { "uv": [ 6.875, 6.4375, 7.125, 6.6875 ], "texture": "#0" },
				"up": { "uv": [ 7.1875, 1.625, 6.9375, 1.375 ], "texture": "#0" },
				"down": { "uv": [ 7.1875, 1.625, 6.9375, 1.875 ], "texture": "#0" }
			}
		},
		{
			"from": [ -2.497, 16.58, -12.75 ],
			"to": [ -1.497, 20.58, -11.75 ],
			"rotation": { "angle": 0, "axis": "x", "origin": [ 16.5, 1, -2 ] },
			"faces": {
				"north": { "uv": [ 6.75, 7.9375, 6.8125, 8.1875 ], "texture": "#0" },
				"east": { "uv": [ 6.8125, 7.9375, 6.875, 8.1875 ], "texture": "#0" },
				"south": { "uv": [ 6.875, 7.9375, 6.9375, 8.1875 ], "texture": "#0" },
				"west": { "uv": [ 7.875, 7.9375, 7.9375, 8.1875 ], "texture": "#0" },
				"up": { "uv": [ 8.1875, 2.5625, 8.125, 2.5 ], "texture": "#0" },
				"down": { "uv": [ 2.625, 8.125, 2.5625, 8.1875 ], "texture": "#0" }
			}
		},
		{
			"from": [ 0.503, 16.58, -12.75 ],
			"to": [ 1.503, 20.58, -11.75 ],
			"rotation": { "angle": 0, "axis": "x", "origin": [ 16.5, 1, -2 ] },
			"faces": {
				"north": { "uv": [ 4.5, 7.9375, 4.5625, 8.1875 ], "texture": "#0" },
				"east": { "uv": [ 4.9375, 7.9375, 5, 8.1875 ], "texture": "#0" },
				"south": { "uv": [ 7.9375, 6.125, 8, 6.375 ], "texture": "#0" },
				"west": { "uv": [ 6.6875, 7.9375, 6.75, 8.1875 ], "texture": "#0" },
				"up": { "uv": [ 8.1875, 2.5, 8.125, 2.4375 ], "texture": "#0" },
				"down": { "uv": [ 2.5625, 8.125, 2.5, 8.1875 ], "texture": "#0" }
			}
		},
		{
			"from": [ -1.497, 19.58, -12.75 ],
			"to": [ 0.503, 20.58, -11.75 ],
			"rotation": { "angle": 0, "axis": "x", "origin": [ 16.5, 1, -2 ] },
			"faces": {
				"north": { "uv": [ 8.0625, 5.5625, 8.1875, 5.625 ], "texture": "#0" },
				"east": { "uv": [ 8.125, 2.3125, 8.1875, 2.375 ], "texture": "#0" },
				"south": { "uv": [ 8.0625, 5.625, 8.1875, 5.6875 ], "texture": "#0" },
				"west": { "uv": [ 2.375, 8.125, 2.4375, 8.1875 ], "texture": "#0" },
				"up": { "uv": [ 8.1875, 5.75, 8.0625, 5.6875 ], "texture": "#0" },
				"down": { "uv": [ 8.1875, 5.75, 8.0625, 5.8125 ], "texture": "#0" }
			}
		},
		{
			"from": [ -1.497, 16.58, -12.75 ],
			"to": [ 0.503, 17.58, -11.75 ],
			"rotation": { "angle": 0, "axis": "x", "origin": [ 16.5, 1, -2 ] },
			"faces": {
				"north": { "uv": [ 8.0625, 5.25, 8.1875, 5.3125 ], "texture": "#0" },
				"east": { "uv": [ 8.125, 2.25, 8.1875, 2.3125 ], "texture": "#0" },
				"south": { "uv": [ 8.0625, 5.375, 8.1875, 5.4375 ], "texture": "#0" },
				"west": { "uv": [ 2.3125, 8.125, 2.375, 8.1875 ], "texture": "#0" },
				"up": { "uv": [ 8.1875, 5.5, 8.0625, 5.4375 ], "texture": "#0" },
				"down": { "uv": [ 8.1875, 5.5, 8.0625, 5.5625 ], "texture": "#0" }
			}
		},
		{
			"from": [ -4.497, 9.58, -9.75 ],
			"to": [ -1.497, 10.58, -8.75 ],
			"rotation": { "angle": -22.5, "axis": "z", "origin": [ 16.5, 1, -2 ] },
			"faces": {
				"north": { "uv": [ 7.9375, 1.3125, 8.125, 1.375 ], "texture": "#0" },
				"east": { "uv": [ 2.125, 8.125, 2.1875, 8.1875 ], "texture": "#0" },
				"south": { "uv": [ 7.9375, 1.9375, 8.125, 2 ], "texture": "#0" },
				"west": { "uv": [ 2.1875, 8.125, 2.25, 8.1875 ], "texture": "#0" },
				"up": { "uv": [ 8.125, 3.5, 7.9375, 3.4375 ], "texture": "#0" },
				"down": { "uv": [ 8.125, 3.5625, 7.9375, 3.625 ], "texture": "#0" }
			}
		},
		{
			"from": [ -5.5, 5, 19 ],
			"to": [ -3.5, 8, 22 ],
			"rotation": { "angle": 0, "axis": "y", "origin": [ 16.5, -3, -3 ] },
			"faces": {
				"north": { "uv": [ 7.75, 4.5, 7.875, 4.6875 ], "texture": "#0" },
				"east": { "uv": [ 7.25, 2.125, 7.4375, 2.3125 ], "texture": "#0" },
				"south": { "uv": [ 7.75, 4.9375, 7.875, 5.125 ], "texture": "#0" },
				"west": { "uv": [ 7.25, 6.75, 7.4375, 6.9375 ], "texture": "#0" },
				"up": { "uv": [ 6.0625, 7.9375, 5.9375, 7.75 ], "texture": "#0" },
				"down": { "uv": [ 6.1875, 7.75, 6.0625, 7.9375 ], "texture": "#0" }
			}
		},
		{
			"from": [ -5.5, 2, 25 ],
			"to": [ -3.5, 4, 26 ],
			"rotation": { "angle": 0, "axis": "y", "origin": [ 16.5, -3, -3 ] },
			"faces": {
				"north": { "uv": [ 7.9375, 6, 8.0625, 6.125 ], "texture": "#0" },
				"east": { "uv": [ 8.0625, 4.6875, 8.125, 4.8125 ], "texture": "#0" },
				"south": { "uv": [ 6.0625, 7.9375, 6.1875, 8.0625 ], "texture": "#0" },
				"west": { "uv": [ 8.0625, 5.0625, 8.125, 5.1875 ], "texture": "#0" },
				"up": { "uv": [ 8.1875, 4.875, 8.0625, 4.8125 ], "texture": "#0" },
				"down": { "uv": [ 8.1875, 5.1875, 8.0625, 5.25 ], "texture": "#0" }
			}
		},
		{
			"from": [ -5.5, 1, 23 ],
			"to": [ -3.5, 4, 25 ],
			"rotation": { "angle": 0, "axis": "y", "origin": [ 16.5, -3, -3 ] },
			"faces": {
				"north": { "uv": [ 4.0625, 7.75, 4.1875, 7.9375 ], "texture": "#0" },
				"east": { "uv": [ 4.1875, 7.75, 4.3125, 7.9375 ], "texture": "#0" },
				"south": { "uv": [ 4.3125, 7.75, 4.4375, 7.9375 ], "texture": "#0" },
				"west": { "uv": [ 4.4375, 7.75, 4.5625, 7.9375 ], "texture": "#0" },
				"up": { "uv": [ 8.0625, 6, 7.9375, 5.875 ], "texture": "#0" },
				"down": { "uv": [ 6.0625, 7.9375, 5.9375, 8.0625 ], "texture": "#0" }
			}
		},
		{
			"from": [ -5.5, 4, 24 ],
			"to": [ -3.5, 9, 27 ],
			"rotation": { "angle": 0, "axis": "y", "origin": [ 16.5, -3, -3 ] },
			"faces": {
				"north": { "uv": [ 3.9375, 7.25, 4.0625, 7.5625 ], "texture": "#0" },
				"east": { "uv": [ 4.5625, 7.0625, 4.75, 7.375 ], "texture": "#0" },
				"south": { "uv": [ 4.0625, 7.25, 4.1875, 7.5625 ], "texture": "#0" },
				"west": { "uv": [ 4.75, 7.0625, 4.9375, 7.375 ], "texture": "#0" },
				"up": { "uv": [ 4.0625, 7.9375, 3.9375, 7.75 ], "texture": "#0" },
				"down": { "uv": [ 7.875, 3.9375, 7.75, 4.125 ], "texture": "#0" }
			}
		},
		{
			"from": [ -3.5, 4, 26 ],
			"to": [ -2.5, 9, 27 ],
			"rotation": { "angle": 0, "axis": "y", "origin": [ 16.5, -3, -3 ] },
			"faces": {
				"north": { "uv": [ 5.125, 7.875, 5.1875, 8.1875 ], "texture": "#0" },
				"east": { "uv": [ 5.1875, 7.875, 5.25, 8.1875 ], "texture": "#0" },
				"south": { "uv": [ 5.25, 7.875, 5.3125, 8.1875 ], "texture": "#0" },
				"west": { "uv": [ 5.3125, 7.875, 5.375, 8.1875 ], "texture": "#0" },
				"up": { "uv": [ 8.1875, 1.9375, 8.125, 1.875 ], "texture": "#0" },
				"down": { "uv": [ 8.1875, 1.9375, 8.125, 2 ], "texture": "#0" }
			}
		},
		{
			"from": [ -5.5, 9, 25 ],
			"to": [ -3.5, 11, 26 ],
			"rotation": { "angle": 0, "axis": "y", "origin": [ 16.5, -3, -3 ] },
			"faces": {
				"north": { "uv": [ 7.9375, 5.625, 8.0625, 5.75 ], "texture": "#0" },
				"east": { "uv": [ 4.375, 8.0625, 4.4375, 8.1875 ], "texture": "#0" },
				"south": { "uv": [ 7.9375, 5.75, 8.0625, 5.875 ], "texture": "#0" },
				"west": { "uv": [ 4.4375, 8.0625, 4.5, 8.1875 ], "texture": "#0" },
				"up": { "uv": [ 8.1875, 4.4375, 8.0625, 4.375 ], "texture": "#0" },
				"down": { "uv": [ 8.1875, 4.625, 8.0625, 4.6875 ], "texture": "#0" }
			}
		},
		{
			"from": [ -3.5, 2, 25 ],
			"to": [ -2.5, 11, 26 ],
			"rotation": { "angle": 0, "axis": "y", "origin": [ 16.5, -3, -3 ] },
			"faces": {
				"north": { "uv": [ 5.4375, 7.3125, 5.5, 7.875 ], "texture": "#0" },
				"east": { "uv": [ 5.5, 7.3125, 5.5625, 7.875 ], "texture": "#0" },
				"south": { "uv": [ 5.5625, 7.3125, 5.625, 7.875 ], "texture": "#0" },
				"west": { "uv": [ 5.625, 7.3125, 5.6875, 7.875 ], "texture": "#0" },
				"up": { "uv": [ 8.1875, 1.5625, 8.125, 1.5 ], "texture": "#0" },
				"down": { "uv": [ 8.1875, 1.8125, 8.125, 1.875 ], "texture": "#0" }
			}
		},
		{
			"from": [ -5.5, 9, 23 ],
			"to": [ -3.5, 12, 25 ],
			"rotation": { "angle": 0, "axis": "y", "origin": [ 16.5, -3, -3 ] },
			"faces": {
				"north": { "uv": [ 7.75, 2.5625, 7.875, 2.75 ], "texture": "#0" },
				"east": { "uv": [ 7.75, 2.75, 7.875, 2.9375 ], "texture": "#0" },
				"south": { "uv": [ 7.75, 2.9375, 7.875, 3.125 ], "texture": "#0" },
				"west": { "uv": [ 7.75, 3.125, 7.875, 3.3125 ], "texture": "#0" },
				"up": { "uv": [ 8.0625, 5.5, 7.9375, 5.375 ], "texture": "#0" },
				"down": { "uv": [ 8.0625, 5.5, 7.9375, 5.625 ], "texture": "#0" }
			}
		},
		{
			"from": [ -5.5, 10, 18 ],
			"to": [ -3.5, 13, 23 ],
			"rotation": { "angle": 0, "axis": "y", "origin": [ 16.5, -3, -3 ] },
			"faces": {
				"north": { "uv": [ 7.75, 2.375, 7.875, 2.5625 ], "texture": "#0" },
				"east": { "uv": [ 3.9375, 7.0625, 4.25, 7.25 ], "texture": "#0" },
				"south": { "uv": [ 2.4375, 7.75, 2.5625, 7.9375 ], "texture": "#0" },
				"west": { "uv": [ 4.25, 7.0625, 4.5625, 7.25 ], "texture": "#0" },
				"up": { "uv": [ 7.375, 3.0625, 7.25, 2.75 ], "texture": "#0" },
				"down": { "uv": [ 7.375, 3.4375, 7.25, 3.75 ], "texture": "#0" }
			}
		},
		{
			"from": [ -3.5, 12, 18 ],
			"to": [ -2.5, 13, 23 ],
			"rotation": { "angle": 0, "axis": "y", "origin": [ 16.5, -3, -3 ] },
			"faces": {
				"north": { "uv": [ 8.125, 1.3125, 8.1875, 1.375 ], "texture": "#0" },
				"east": { "uv": [ 7.875, 2.0625, 8.1875, 2.125 ], "texture": "#0" },
				"south": { "uv": [ 8.125, 1.4375, 8.1875, 1.5 ], "texture": "#0" },
				"west": { "uv": [ 7.875, 2.125, 8.1875, 2.1875 ], "texture": "#0" },
				"up": { "uv": [ 5.0625, 8.1875, 5, 7.875 ], "texture": "#0" },
				"down": { "uv": [ 5.125, 7.875, 5.0625, 8.1875 ], "texture": "#0" }
			}
		},
		{
			"from": [ -5.5, 9, 15 ],
			"to": [ -3.5, 11, 16 ],
			"rotation": { "angle": 0, "axis": "y", "origin": [ 16.5, -3, -3 ] },
			"faces": {
				"north": { "uv": [ 7.9375, 5.0625, 8.0625, 5.1875 ], "texture": "#0" },
				"east": { "uv": [ 8.0625, 3.25, 8.125, 3.375 ], "texture": "#0" },
				"south": { "uv": [ 7.9375, 5.1875, 8.0625, 5.3125 ], "texture": "#0" },
				"west": { "uv": [ 8.0625, 3.75, 8.125, 3.875 ], "texture": "#0" },
				"up": { "uv": [ 8.1875, 3.4375, 8.0625, 3.375 ], "texture": "#0" },
				"down": { "uv": [ 8.1875, 4.3125, 8.0625, 4.375 ], "texture": "#0" }
			}
		},
		{
			"from": [ -5.5, 9, 16 ],
			"to": [ -3.5, 12, 18 ],
			"rotation": { "angle": 0, "axis": "y", "origin": [ 16.5, -3, -3 ] },
			"faces": {
				"north": { "uv": [ 7.75, 1.25, 7.875, 1.4375 ], "texture": "#0" },
				"east": { "uv": [ 1.375, 7.75, 1.5, 7.9375 ], "texture": "#0" },
				"south": { "uv": [ 2.1875, 7.75, 2.3125, 7.9375 ], "texture": "#0" },
				"west": { "uv": [ 2.3125, 7.75, 2.4375, 7.9375 ], "texture": "#0" },
				"up": { "uv": [ 8.0625, 4.75, 7.9375, 4.625 ], "texture": "#0" },
				"down": { "uv": [ 8.0625, 4.75, 7.9375, 4.875 ], "texture": "#0" }
			}
		},
		{
			"from": [ -5.5, 2, 15 ],
			"to": [ -3.5, 4, 16 ],
			"rotation": { "angle": 0, "axis": "y", "origin": [ 16.5, -3, -3 ] },
			"faces": {
				"north": { "uv": [ 7.9375, 4.3125, 8.0625, 4.4375 ], "texture": "#0" },
				"east": { "uv": [ 8.0625, 2.875, 8.125, 3 ], "texture": "#0" },
				"south": { "uv": [ 4.375, 7.9375, 4.5, 8.0625 ], "texture": "#0" },
				"west": { "uv": [ 8.0625, 3, 8.125, 3.125 ], "texture": "#0" },
				"up": { "uv": [ 8.1875, 3.1875, 8.0625, 3.125 ], "texture": "#0" },
				"down": { "uv": [ 8.1875, 3.1875, 8.0625, 3.25 ], "texture": "#0" }
			}
		},
		{
			"from": [ -5.5, 4, 14 ],
			"to": [ -3.5, 9, 17 ],
			"rotation": { "angle": 0, "axis": "y", "origin": [ 16.5, -3, -3 ] },
			"faces": {
				"north": { "uv": [ 2.3125, 7.25, 2.4375, 7.5625 ], "texture": "#0" },
				"east": { "uv": [ 2.5625, 7.0625, 2.75, 7.375 ], "texture": "#0" },
				"south": { "uv": [ 2.4375, 7.25, 2.5625, 7.5625 ], "texture": "#0" },
				"west": { "uv": [ 3.75, 7.0625, 3.9375, 7.375 ], "texture": "#0" },
				"up": { "uv": [ 7.875, 0.5, 7.75, 0.3125 ], "texture": "#0" },
				"down": { "uv": [ 1.375, 7.75, 1.25, 7.9375 ], "texture": "#0" }
			}
		},
		{
			"from": [ -3.5, 4, 14 ],
			"to": [ -2.5, 9, 15 ],
			"rotation": { "angle": 0, "axis": "y", "origin": [ 16.5, -3, -3 ] },
			"faces": {
				"north": { "uv": [ 3.875, 7.875, 3.9375, 8.1875 ], "texture": "#0" },
				"east": { "uv": [ 4.5625, 7.875, 4.625, 8.1875 ], "texture": "#0" },
				"south": { "uv": [ 4.625, 7.875, 4.6875, 8.1875 ], "texture": "#0" },
				"west": { "uv": [ 4.6875, 7.875, 4.75, 8.1875 ], "texture": "#0" },
				"up": { "uv": [ 8.1875, 1.25, 8.125, 1.1875 ], "texture": "#0" },
				"down": { "uv": [ 8.1875, 1.25, 8.125, 1.3125 ], "texture": "#0" }
			}
		},
		{
			"from": [ -3.5, 2, 15 ],
			"to": [ -2.5, 11, 16 ],
			"rotation": { "angle": 0, "axis": "y", "origin": [ 16.5, -3, -3 ] },
			"faces": {
				"north": { "uv": [ 5.25, 7.3125, 5.3125, 7.875 ], "texture": "#0" },
				"east": { "uv": [ 5.3125, 7.3125, 5.375, 7.875 ], "texture": "#0" },
				"south": { "uv": [ 5.375, 7.3125, 5.4375, 7.875 ], "texture": "#0" },
				"west": { "uv": [ 7.3125, 5.375, 7.375, 5.9375 ], "texture": "#0" },
				"up": { "uv": [ 8.1875, 1.1875, 8.125, 1.125 ], "texture": "#0" },
				"down": { "uv": [ 1.25, 8.125, 1.1875, 8.1875 ], "texture": "#0" }
			}
		},
		{
			"from": [ -3.5, 1, 16 ],
			"to": [ -2.5, 12, 25 ],
			"rotation": { "angle": 0, "axis": "y", "origin": [ 16.5, -3, -3 ] },
			"faces": {
				"north": { "uv": [ 6.5, 7.125, 6.5625, 7.8125 ], "texture": "#0" },
				"east": { "uv": [ 4.6875, 2.3125, 5.25, 3 ], "texture": "#0" },
				"south": { "uv": [ 6.5625, 7.125, 6.625, 7.8125 ], "texture": "#0" },
				"west": { "uv": [ 0, 4.8125, 0.5625, 5.5 ], "texture": "#0" },
				"up": { "uv": [ 5.1875, 7.875, 5.125, 7.3125 ], "texture": "#0" },
				"down": { "uv": [ 5.25, 7.3125, 5.1875, 7.875 ], "texture": "#0" }
			}
		},
		{
			"from": [ -3.5, 0, 18 ],
			"to": [ -2.5, 1, 23 ],
			"rotation": { "angle": 0, "axis": "y", "origin": [ 16.5, -3, -3 ] },
			"faces": {
				"north": { "uv": [ 8.125, 1.0625, 8.1875, 1.125 ], "texture": "#0" },
				"east": { "uv": [ 7.875, 0.4375, 8.1875, 0.5 ], "texture": "#0" },
				"south": { "uv": [ 1.125, 8.125, 1.1875, 8.1875 ], "texture": "#0" },
				"west": { "uv": [ 7.875, 1.375, 8.1875, 1.4375 ], "texture": "#0" },
				"up": { "uv": [ 3.6875, 8.1875, 3.625, 7.875 ], "texture": "#0" },
				"down": { "uv": [ 3.75, 7.875, 3.6875, 8.1875 ], "texture": "#0" }
			}
		},
		{
			"from": [ -5.5, 1, 16 ],
			"to": [ -3.5, 4, 18 ],
			"rotation": { "angle": 0, "axis": "y", "origin": [ 16.5, -3, -3 ] },
			"faces": {
				"north": { "uv": [ 7.6875, 3.375, 7.8125, 3.5625 ], "texture": "#0" },
				"east": { "uv": [ 7.6875, 3.75, 7.8125, 3.9375 ], "texture": "#0" },
				"south": { "uv": [ 7.6875, 4.3125, 7.8125, 4.5 ], "texture": "#0" },
				"west": { "uv": [ 7.6875, 7.125, 7.8125, 7.3125 ], "texture": "#0" },
				"up": { "uv": [ 8.0625, 3.4375, 7.9375, 3.3125 ], "texture": "#0" },
				"down": { "uv": [ 8.0625, 3.75, 7.9375, 3.875 ], "texture": "#0" }
			}
		},
		{
			"from": [ -5.5, 0, 18 ],
			"to": [ -3.5, 3, 23 ],
			"rotation": { "angle": 0, "axis": "y", "origin": [ 16.5, -3, -3 ] },
			"faces": {
				"north": { "uv": [ 7.6875, 0.8125, 7.8125, 1 ], "texture": "#0" },
				"east": { "uv": [ 1.25, 7.0625, 1.5625, 7.25 ], "texture": "#0" },
				"south": { "uv": [ 7.6875, 1.875, 7.8125, 2.0625 ], "texture": "#0" },
				"west": { "uv": [ 2.25, 7.0625, 2.5625, 7.25 ], "texture": "#0" },
				"up": { "uv": [ 1.5, 7.5625, 1.375, 7.25 ], "texture": "#0" },
				"down": { "uv": [ 2.3125, 7.25, 2.1875, 7.5625 ], "texture": "#0" }
			}
		},
		{
			"from": [ -6.496, 27.40235, 6.77411 ],
			"to": [ 0.504, 28.40235, 12.77411 ],
			"rotation": { "angle": 45, "axis": "x", "origin": [ 16.499, 0.29235, 0.28411 ] },
			"faces": {
				"north": { "uv": [ 7.4375, 0.1875, 7.875, 0.25 ], "texture": "#0" },
				"east": { "uv": [ 7.5625, 7.3125, 7.9375, 7.375 ], "texture": "#0" },
				"south": { "uv": [ 7.4375, 2.125, 7.875, 2.1875 ], "texture": "#0" },
				"west": { "uv": [ 7.6875, 0.25, 8.0625, 0.3125 ], "texture": "#0" },
				"up": { "uv": [ 6.8125, 4.1875, 6.375, 3.8125 ], "texture": "#0" },
				"down": { "uv": [ 6.8125, 4.1875, 6.375, 4.5625 ], "texture": "#0" }
			}
		},
		{
			"from": [ -6.497, 14.58, 18.75 ],
			"to": [ 0.503, 15.58, 24.75 ],
			"rotation": { "angle": 0, "axis": "x", "origin": [ 16.5, 1, 17 ] },
			"faces": {
				"north": { "uv": [ 7.4375, 0.0625, 7.875, 0.125 ], "texture": "#0" },
				"east": { "uv": [ 7.5, 1.1875, 7.875, 1.25 ], "texture": "#0" },
				"south": { "uv": [ 7.4375, 0.125, 7.875, 0.1875 ], "texture": "#0" },
				"west": { "uv": [ 7.5625, 3.5625, 7.9375, 3.625 ], "texture": "#0" },
				"up": { "uv": [ 6.8125, 2.5, 6.375, 2.125 ], "texture": "#0" },
				"down": { "uv": [ 6.8125, 2.75, 6.375, 3.125 ], "texture": "#0" }
			}
		},
		{
			"from": [ -6.498, 12.8, 19.2 ],
			"to": [ 0.502, 13.8, 24.2 ],
			"rotation": { "angle": -22.5, "axis": "x", "origin": [ 16.5, 1, 17 ] },
			"faces": {
				"north": { "uv": [ 7.375, 6.4375, 7.8125, 6.5 ], "texture": "#0" },
				"east": { "uv": [ 7.875, 0.3125, 8.1875, 0.375 ], "texture": "#0" },
				"south": { "uv": [ 7.375, 7.375, 7.8125, 7.4375 ], "texture": "#0" },
				"west": { "uv": [ 7.875, 0.375, 8.1875, 0.4375 ], "texture": "#0" },
				"up": { "uv": [ 4.625, 6.8125, 4.1875, 6.5 ], "texture": "#0" },
				"down": { "uv": [ 3.5, 6.5625, 3.0625, 6.875 ], "texture": "#0" }
			}
		},
		{
			"from": [ -6.499, 7.6, 9.5 ],
			"to": [ 0.501, 11.6, 10.5 ],
			"rotation": { "angle": 22.5, "axis": "x", "origin": [ 16.5, 1, 17 ] },
			"faces": {
				"north": { "uv": [ 6.8125, 2.125, 7.25, 2.375 ], "texture": "#0" },
				"east": { "uv": [ 4.25, 7.9375, 4.3125, 8.1875 ], "texture": "#0" },
				"south": { "uv": [ 6.8125, 2.75, 7.25, 3 ], "texture": "#0" },
				"west": { "uv": [ 4.3125, 7.9375, 4.375, 8.1875 ], "texture": "#0" },
				"up": { "uv": [ 7.8125, 6.375, 7.375, 6.3125 ], "texture": "#0" },
				"down": { "uv": [ 7.8125, 6.375, 7.375, 6.4375 ], "texture": "#0" }
			}
		},
		{
			"from": [ -6.5, 4, 12.6 ],
			"to": [ 0.5, 10, 13.6 ],
			"rotation": { "angle": 0, "axis": "y", "origin": [ 16.5, 1, 17 ] },
			"faces": {
				"north": { "uv": [ 6.375, 0.4375, 6.8125, 0.8125 ], "texture": "#0" },
				"east": { "uv": [ 1.125, 7.75, 1.1875, 8.125 ], "texture": "#0" },
				"south": { "uv": [ 0.9375, 6.375, 1.375, 6.75 ], "texture": "#0" },
				"west": { "uv": [ 1.1875, 7.75, 1.25, 8.125 ], "texture": "#0" },
				"up": { "uv": [ 7.8125, 6.25, 7.375, 6.1875 ], "texture": "#0" },
				"down": { "uv": [ 7.8125, 6.25, 7.375, 6.3125 ], "texture": "#0" }
			}
		},
		{
			"from": [ -6.495, -5.91389, 27.64877 ],
			"to": [ 2.505, 0.08611, 28.64877 ],
			"rotation": { "angle": -22.5, "axis": "x", "origin": [ 16.499, 6.57611, 0.53877 ] },
			"faces": {
				"north": { "uv": [ 5.8125, 4.25, 6.375, 4.625 ], "texture": "#0" },
				"east": { "uv": [ 1, 7.75, 1.0625, 8.125 ], "texture": "#0" },
				"south": { "uv": [ 5.8125, 4.625, 6.375, 5 ], "texture": "#0" },
				"west": { "uv": [ 1.0625, 7.75, 1.125, 8.125 ], "texture": "#0" },
				"up": { "uv": [ 7.8125, 0.75, 7.25, 0.6875 ], "texture": "#0" },
				"down": { "uv": [ 7.8125, 0.75, 7.25, 0.8125 ], "texture": "#0" }
			}
		},
		{
			"from": [ -7.5, 3.75, 12.6 ],
			"to": [ -6.5, 10, 26.6 ],
			"rotation": { "angle": 0, "axis": "y", "origin": [ 16.5, 1, 17 ] },
			"faces": {
				"north": { "uv": [ 0.875, 7.75, 0.9375, 8.125 ], "texture": "#0" },
				"east": { "uv": [ 5.0625, 1.375, 5.9375, 1.75 ], "texture": "#0" },
				"south": { "uv": [ 0.9375, 7.75, 1, 8.125 ], "texture": "#0" },
				"west": { "uv": [ 5.0625, 1.75, 5.9375, 2.125 ], "texture": "#0" },
				"up": { "uv": [ 0.4375, 7.9375, 0.375, 7.0625 ], "texture": "#0" },
				"down": { "uv": [ 5, 7.0625, 4.9375, 7.9375 ], "texture": "#0" }
			}
		},
		{
			"from": [ -7.495, -5.91389, 23.39877 ],
			"to": [ -6.495, 0.08611, 28.64877 ],
			"rotation": { "angle": -22.5, "axis": "x", "origin": [ 16.499, 6.57611, 0.53877 ] },
			"faces": {
				"north": { "uv": [ 0.125, 7.75, 0.1875, 8.125 ], "texture": "#0" },
				"east": { "uv": [ 2.75, 6.75, 3.0625, 7.125 ], "texture": "#0" },
				"south": { "uv": [ 0.1875, 7.75, 0.25, 8.125 ], "texture": "#0" },
				"west": { "uv": [ 6.3125, 6.75, 6.625, 7.125 ], "texture": "#0" },
				"up": { "uv": [ 3.4375, 8.1875, 3.375, 7.875 ], "texture": "#0" },
				"down": { "uv": [ 3.625, 7.875, 3.5625, 8.1875 ], "texture": "#0" }
			}
		},
		{
			"from": [ -7.499, 7.6, 9.5 ],
			"to": [ -6.499, 11.6, 20.5 ],
			"rotation": { "angle": 22.5, "axis": "x", "origin": [ 16.5, 1, 17 ] },
			"faces": {
				"north": { "uv": [ 4.125, 7.9375, 4.1875, 8.1875 ], "texture": "#0" },
				"east": { "uv": [ 6.1875, 6.1875, 6.875, 6.4375 ], "texture": "#0" },
				"south": { "uv": [ 4.1875, 7.9375, 4.25, 8.1875 ], "texture": "#0" },
				"west": { "uv": [ 6.25, 3.5625, 6.9375, 3.8125 ], "texture": "#0" },
				"up": { "uv": [ 6.4375, 7.8125, 6.375, 7.125 ], "texture": "#0" },
				"down": { "uv": [ 6.5, 7.125, 6.4375, 7.8125 ], "texture": "#0" }
			}
		},
		{
			"from": [ -7.497, 8.58, 18.75 ],
			"to": [ -6.497, 15.58, 24.75 ],
			"rotation": { "angle": 0, "axis": "x", "origin": [ 16.5, 1, 17 ] },
			"faces": {
				"north": { "uv": [ 4.875, 7.375, 4.9375, 7.8125 ], "texture": "#0" },
				"east": { "uv": [ 4.625, 6.3125, 5, 6.75 ], "texture": "#0" },
				"south": { "uv": [ 7.375, 6.9375, 7.4375, 7.375 ], "texture": "#0" },
				"west": { "uv": [ 6.375, 0, 6.75, 0.4375 ], "texture": "#0" },
				"up": { "uv": [ 0.0625, 8.125, 0, 7.75 ], "texture": "#0" },
				"down": { "uv": [ 0.125, 7.75, 0.0625, 8.125 ], "texture": "#0" }
			}
		},
		{
			"from": [ -7.496, 23.40235, 6.77411 ],
			"to": [ -6.496, 28.40235, 12.77411 ],
			"rotation": { "angle": 45, "axis": "x", "origin": [ 16.499, 0.29235, 0.28411 ] },
			"faces": {
				"north": { "uv": [ 3.25, 7.875, 3.3125, 8.1875 ], "texture": "#0" },
				"east": { "uv": [ 4.625, 6.75, 5, 7.0625 ], "texture": "#0" },
				"south": { "uv": [ 3.3125, 7.875, 3.375, 8.1875 ], "texture": "#0" },
				"west": { "uv": [ 5.9375, 6.75, 6.3125, 7.0625 ], "texture": "#0" },
				"up": { "uv": [ 7.75, 7.125, 7.6875, 6.75 ], "texture": "#0" },
				"down": { "uv": [ 7.75, 7.4375, 7.6875, 7.8125 ], "texture": "#0" }
			}
		},
		{
			"from": [ -7.498, 9.8, 19.2 ],
			"to": [ -6.498, 13.8, 24.2 ],
			"rotation": { "angle": -22.5, "axis": "x", "origin": [ 16.5, 1, 17 ] },
			"faces": {
				"north": { "uv": [ 4.0625, 7.9375, 4.125, 8.1875 ], "texture": "#0" },
				"east": { "uv": [ 4.0625, 6.8125, 4.375, 7.0625 ], "texture": "#0" },
				"south": { "uv": [ 7.9375, 4.0625, 8, 4.3125 ], "texture": "#0" },
				"west": { "uv": [ 6.8125, 4.0625, 7.125, 4.3125 ], "texture": "#0" },
				"up": { "uv": [ 3.1875, 8.1875, 3.125, 7.875 ], "texture": "#0" },
				"down": { "uv": [ 3.25, 7.875, 3.1875, 8.1875 ], "texture": "#0" }
			}
		},
		{
			"from": [ -2.6, -7, 29 ],
			"to": [ 18.6, 18, 32 ],
			"rotation": { "angle": -22.5, "axis": "x", "origin": [ 0, 0, 0 ] },
			"faces": {
				"north": { "uv": [ 0, 0, 1.3125, 1.5625 ], "texture": "#0" },
				"east": { "uv": [ 3.75, 5.125, 3.9375, 6.6875 ], "texture": "#0" },
				"south": { "uv": [ 1.3125, 0, 2.625, 1.5625 ], "texture": "#0" },
				"west": { "uv": [ 1.6875, 5.4375, 1.875, 7 ], "texture": "#0" },
				"up": { "uv": [ 6.375, 4.25, 5.0625, 4.0625 ], "texture": "#0" },
				"down": { "uv": [ 6.6875, 3.375, 5.375, 3.5625 ], "texture": "#0" }
			}
		},
		{
			"from": [ 15.4, 11.75, -2.5 ],
			"to": [ 18.6, 23, 0.5 ],
			"rotation": { "angle": 22.5, "axis": "x", "origin": [ 0, 0, 16 ] },
			"faces": {
				"north": { "uv": [ 3.5625, 5.625, 3.75, 6.3125 ], "texture": "#0" },
				"east": { "uv": [ 3.5625, 6.3125, 3.75, 7 ], "texture": "#0" },
				"south": { "uv": [ 1.375, 6.375, 1.5625, 7.0625 ], "texture": "#0" },
				"west": { "uv": [ 5, 6.625, 5.1875, 7.3125 ], "texture": "#0" },
				"up": { "uv": [ 7.5, 4.6875, 7.3125, 4.5 ], "texture": "#0" },
				"down": { "uv": [ 7.5, 5.0625, 7.3125, 5.25 ], "texture": "#0" }
			}
		},
		{
			"from": [ 0.4, 11.75, -2.49 ],
			"to": [ 15.6, 15, 0.51 ],
			"rotation": { "angle": 22.5, "axis": "x", "origin": [ 0, 0, 16 ] },
			"faces": {
				"north": { "uv": [ 5.8125, 3.125, 6.75, 3.3125 ], "texture": "#0" },
				"east": { "uv": [ 7.375, 3.4375, 7.5625, 3.625 ], "texture": "#0" },
				"south": { "uv": [ 5.875, 5.375, 6.8125, 5.5625 ], "texture": "#0" },
				"west": { "uv": [ 7.375, 4.3125, 7.5625, 4.5 ], "texture": "#0" },
				"up": { "uv": [ 7.125, 5.75, 6.1875, 5.5625 ], "texture": "#0" },
				"down": { "uv": [ 7.125, 5.75, 6.1875, 5.9375 ], "texture": "#0" }
			}
		},
		{
			"from": [ 0.4, 14.75, -1.75 ],
			"to": [ 15.6, 24, -0.75 ],
			"rotation": { "angle": 22.5, "axis": "x", "origin": [ 0, 0, 16 ] },
			"faces": {
				"north": { "uv": [ 3.75, 2.5, 4.6875, 3.0625 ], "texture": "#0" },
				"east": { "uv": [ 3.75, 7.375, 3.8125, 7.9375 ], "texture": "#0" },
				"south": { "uv": [ 3.75, 3.0625, 4.6875, 3.625 ], "texture": "#0" },
				"west": { "uv": [ 3.8125, 7.375, 3.875, 7.9375 ], "texture": "#0" },
				"up": { "uv": [ 7.3125, 1.125, 6.375, 1.0625 ], "texture": "#0" },
				"down": { "uv": [ 7.75, 2.375, 6.8125, 2.4375 ], "texture": "#0" }
			}
		},
		{
			"from": [ -2.6, 11.75, -2.5 ],
			"to": [ 0.6, 23, 0.5 ],
			"rotation": { "angle": 22.5, "axis": "x", "origin": [ 16, 0, 16 ] },
			"faces": {
				"north": { "uv": [ 5.1875, 6.625, 5.375, 7.3125 ], "texture": "#0" },
				"east": { "uv": [ 5.375, 6.625, 5.5625, 7.3125 ], "texture": "#0" },
				"south": { "uv": [ 5.5625, 6.625, 5.75, 7.3125 ], "texture": "#0" },
				"west": { "uv": [ 5.75, 6.625, 5.9375, 7.3125 ], "texture": "#0" },
				"up": { "uv": [ 7.5625, 0.4375, 7.375, 0.25 ], "texture": "#0" },
				"down": { "uv": [ 7.5625, 1.875, 7.375, 2.0625 ], "texture": "#0" }
			}
		}
	],
	"display": {
		"thirdperson_righthand": {
			"rotation": [ 90, 0, 0 ],
			"translation": [ 0, -0.5, -4.25 ],
			"scale": [ 0.2, 0.2, 0.2 ]
		},
		"thirdperson_lefthand": {
			"rotation": [ 90, 0, 0 ],
			"translation": [ 0, -0.5, -4.25 ],
			"scale": [ 0.2, 0.2, 0.2 ]
		},
		"firstperson_righthand": {
			"rotation": [ 0, 180, 0 ],
			"translation": [ -9.25, -8, -80 ]
		},
		"firstperson_lefthand": {
			"rotation": [ 0, 180, 0 ],
			"translation": [ -9.25, -8, -80 ]
		},
		"ground": {
			"translation": [ 0, -0.75, 0 ],
			"scale": [ 0.3, 0.3, 0.3 ]
		},
		"gui": {
			"rotation": [ 13, -130, 0 ],
			"translation": [ 0.25, -1.5, 0 ],
			"scale": [ 0.26, 0.26, 0.26 ]
		},
		"head": {
			"translation": [ 0, -31, 0 ],
			"scale": [ 1.7, 1.7, 1.7 ]
		},
		"fixed": {
			"rotation": [ 0, 90, 0 ],
			"translation": [ 0, -2.25, 1 ],
			"scale": [ 0.3, 0.3, 0.3 ]
		}
	}
}