{
	"credit": "malditos putos hijo de puta Made with blockbench!!!!! mc.universocraft.com",
	"texture_size": [ 64, 64 ],
	"textures": {
		"0": "vanity/sombrerito",
		"particle": "vanity/sombrerito"
	},
	"elements": [
		{
			"from": [ 2, 1, 2 ],
			"to": [ 14, 2, 14 ],
			"faces": {
				"north": { "uv": [ 8.25, 4, 11.25, 4.25 ], "texture": "#0" },
				"east": { "uv": [ 8.25, 4.25, 11.25, 4.5 ], "texture": "#0" },
				"south": { "uv": [ 8.25, 4.5, 11.25, 4.75 ], "texture": "#0" },
				"west": { "uv": [ 8.25, 4.75, 11.25, 5 ], "texture": "#0" },
				"up": { "uv": [ 3, 3, 0, 0 ], "texture": "#0" },
				"down": { "uv": [ 3, 3, 0, 6 ], "texture": "#0" }
			}
		},
		{
			"from": [ 2, 0, 12 ],
			"to": [ 14, 1, 14 ],
			"faces": {
				"north": { "uv": [ 5, 8.5, 8, 8.75 ], "texture": "#0" },
				"east": { "uv": [ 9, 9.5, 9.5, 9.75 ], "texture": "#0" },
				"south": { "uv": [ 8, 8.5, 11, 8.75 ], "texture": "#0" },
				"west": { "uv": [ 9.5, 9.5, 10, 9.75 ], "texture": "#0" },
				"up": { "uv": [ 8.75, 5.5, 5.75, 5 ], "texture": "#0" },
				"down": { "uv": [ 8, 8, 5, 8.5 ], "texture": "#0" }
			}
		},
		{
			"from": [ 2, 0, 2 ],
			"to": [ 14, 1, 4 ],
			"faces": {
				"north": { "uv": [ 5, 8.75, 8, 9 ], "texture": "#0" },
				"east": { "uv": [ 5, 9.75, 5.5, 10 ], "texture": "#0" },
				"south": { "uv": [ 8.75, 5, 11.75, 5.25 ], "texture": "#0" },
				"west": { "uv": [ 5.5, 9.75, 6, 10 ], "texture": "#0" },
				"up": { "uv": [ 11, 6, 8, 5.5 ], "texture": "#0" },
				"down": { "uv": [ 11, 6, 8, 6.5 ], "texture": "#0" }
			}
		},
		{
			"from": [ 2, 0, 4 ],
			"to": [ 4, 1, 12 ],
			"faces": {
				"north": { "uv": [ 6, 9.75, 6.5, 10 ], "texture": "#0" },
				"east": { "uv": [ 5, 9.25, 7, 9.5 ], "texture": "#0" },
				"south": { "uv": [ 6.5, 9.75, 7, 10 ], "texture": "#0" },
				"west": { "uv": [ 7, 9.25, 9, 9.5 ], "texture": "#0" },
				"up": { "uv": [ 3, 8, 2.5, 6 ], "texture": "#0" },
				"down": { "uv": [ 0.5, 8.5, 0, 10.5 ], "texture": "#0" }
			}
		},
		{
			"from": [ 12, 0, 4 ],
			"to": [ 14, 1, 12 ],
			"faces": {
				"north": { "uv": [ 9, 9.75, 9.5, 10 ], "texture": "#0" },
				"east": { "uv": [ 9, 9.25, 11, 9.5 ], "texture": "#0" },
				"south": { "uv": [ 9.5, 9.75, 10, 10 ], "texture": "#0" },
				"west": { "uv": [ 5, 9.5, 7, 9.75 ], "texture": "#0" },
				"up": { "uv": [ 1, 10.5, 0.5, 8.5 ], "texture": "#0" },
				"down": { "uv": [ 1.5, 8.5, 1, 10.5 ], "texture": "#0" }
			}
		},
		{
			"from": [ 2.75, 2, 2.75 ],
			"to": [ 13.25, 4, 13.25 ],
			"faces": {
				"north": { "uv": [ 8, 6.5, 10.75, 7 ], "texture": "#0" },
				"east": { "uv": [ 8, 7, 10.75, 7.5 ], "texture": "#0" },
				"south": { "uv": [ 8, 7.5, 10.75, 8 ], "texture": "#0" },
				"west": { "uv": [ 8, 8, 10.75, 8.5 ], "texture": "#0" },
				"up": { "uv": [ 5.75, 2.75, 3, 0 ], "texture": "#0" },
				"down": { "uv": [ 5.75, 2.75, 3, 5.5 ], "texture": "#0" }
			}
		},
		{
			"from": [ 3, 4, 3 ],
			"to": [ 13, 14, 13 ],
			"faces": {
				"north": { "uv": [ 3, 5.5, 5.5, 8 ], "texture": "#0" },
				"east": { "uv": [ 5.5, 5.5, 8, 8 ], "texture": "#0" },
				"south": { "uv": [ 5.75, 0, 8.25, 2.5 ], "texture": "#0" },
				"west": { "uv": [ 5.75, 2.5, 8.25, 5 ], "texture": "#0" },
				"up": { "uv": [ 2.5, 8.5, 0, 6 ], "texture": "#0" },
				"down": { "uv": [ 5, 8, 2.5, 10.5 ], "texture": "#0" }
			}
		},
		{
			"from": [ 3, 0, 1 ],
			"to": [ 13, 2, 2 ],
			"faces": {
				"north": { "uv": [ 8.25, 0, 10.75, 0.5 ], "texture": "#0" },
				"east": { "uv": [ 7, 9.5, 7.25, 10 ], "texture": "#0" },
				"south": { "uv": [ 8.25, 0.5, 10.75, 1 ], "texture": "#0" },
				"west": { "uv": [ 7.25, 9.5, 7.5, 10 ], "texture": "#0" },
				"up": { "uv": [ 11.25, 5.5, 8.75, 5.25 ], "texture": "#0" },
				"down": { "uv": [ 10.5, 8.75, 8, 9 ], "texture": "#0" }
			}
		},
		{
			"from": [ 3, 0, 14 ],
			"to": [ 13, 2, 15 ],
			"faces": {
				"north": { "uv": [ 8.25, 3, 10.75, 3.5 ], "texture": "#0" },
				"east": { "uv": [ 8.5, 9.5, 8.75, 10 ], "texture": "#0" },
				"south": { "uv": [ 8.25, 3.5, 10.75, 4 ], "texture": "#0" },
				"west": { "uv": [ 8.75, 9.5, 9, 10 ], "texture": "#0" },
				"up": { "uv": [ 7.5, 9.25, 5, 9 ], "texture": "#0" },
				"down": { "uv": [ 10, 9, 7.5, 9.25 ], "texture": "#0" }
			}
		},
		{
			"from": [ 1, 0, 3 ],
			"to": [ 2, 2, 13 ],
			"faces": {
				"north": { "uv": [ 7.5, 9.5, 7.75, 10 ], "texture": "#0" },
				"east": { "uv": [ 8.25, 1, 10.75, 1.5 ], "texture": "#0" },
				"south": { "uv": [ 7.75, 9.5, 8, 10 ], "texture": "#0" },
				"west": { "uv": [ 8.25, 1.5, 10.75, 2 ], "texture": "#0" },
				"up": { "uv": [ 1.75, 11, 1.5, 8.5 ], "texture": "#0" },
				"down": { "uv": [ 2, 8.5, 1.75, 11 ], "texture": "#0" }
			}
		},
		{
			"from": [ 14, 0, 3 ],
			"to": [ 15, 2, 13 ],
			"faces": {
				"north": { "uv": [ 8, 9.5, 8.25, 10 ], "texture": "#0" },
				"east": { "uv": [ 8.25, 2, 10.75, 2.5 ], "texture": "#0" },
				"south": { "uv": [ 8.25, 9.5, 8.5, 10 ], "texture": "#0" },
				"west": { "uv": [ 8.25, 2.5, 10.75, 3 ], "texture": "#0" },
				"up": { "uv": [ 2.25, 11, 2, 8.5 ], "texture": "#0" },
				"down": { "uv": [ 2.5, 8.5, 2.25, 11 ], "texture": "#0" }
			}
		}
	],
	"display": { }
}