{
	"parent": "item/handheld",
	"textures": {
		"layer0": "item/nether_brick"
	},
	"overrides":
	[
		{ "predicate": { "custom_model_data": 1 }, "model": "item/weapons/laseramigable" },
		{ "predicate": { "custom_model_data": 2 }, "model": "item/weapons/pistolaelm0" },
		{ "predicate": { "custom_model_data": 3 }, "model": "item/weapons/rifleyuca" },
		{ "predicate": { "custom_model_data": 4 }, "model": "item/weapons/lasergravitatorio" },
		{ "predicate": { "custom_model_data": 9 }, "model": "item/weapons/laserrebotador" }
	]
}