{
	"credit": "malditos putos hijo de puta Made with blockbench!!!!! mc.universocraft.com",
	"texture_size": [32, 32],
	"textures": {
		"0": "item/gumiportable",
		"particle": "item/gumiportable"
	},
	"elements": [
		{
			"from": [9.75, 4.75, 7],
			"to": [10.25, 9, 9.25],
			"faces": {
				"north": {"uv": [8.5, 0, 9, 2], "texture": "#0"},
				"east": {"uv": [7.5, 0, 8.5, 2], "texture": "#0"},
				"south": {"uv": [0, 9, 0.5, 11], "texture": "#0"},
				"west": {"uv": [1.5, 7.5, 2.5, 9.5], "texture": "#0"},
				"up": {"uv": [6.5, 4, 6, 3], "texture": "#0"},
				"down": {"uv": [7, 3, 6.5, 4], "texture": "#0"}
			}
		},
		{
			"from": [9.75, 5.25, 6.5],
			"to": [10.25, 9, 7],
			"faces": {
				"north": {"uv": [9, 0, 9.5, 2], "texture": "#0"},
				"east": {"uv": [0.5, 9, 1, 11], "texture": "#0"},
				"south": {"uv": [1, 9, 1.5, 11], "texture": "#0"},
				"west": {"uv": [9, 2, 9.5, 4], "texture": "#0"},
				"up": {"uv": [7.5, 6.5, 7, 6], "texture": "#0"},
				"down": {"uv": [3, 7.5, 2.5, 8], "texture": "#0"}
			}
		},
		{
			"from": [9.75, 6, 6],
			"to": [10.25, 9, 6.5],
			"faces": {
				"north": {"uv": [9.5, 6.5, 10, 8], "texture": "#0"},
				"east": {"uv": [7, 9.5, 7.5, 11], "texture": "#0"},
				"south": {"uv": [7.5, 9.5, 8, 11], "texture": "#0"},
				"west": {"uv": [8, 9.5, 8.5, 11], "texture": "#0"},
				"up": {"uv": [12, 5.5, 11.5, 5], "texture": "#0"},
				"down": {"uv": [6, 11.5, 5.5, 12], "texture": "#0"}
			}
		},
		{
			"from": [5.75, 5.25, 6.5],
			"to": [6.25, 9, 7],
			"faces": {
				"north": {"uv": [9, 4, 9.5, 6], "texture": "#0"},
				"east": {"uv": [4.5, 9, 5, 11], "texture": "#0"},
				"south": {"uv": [9, 6, 9.5, 8], "texture": "#0"},
				"west": {"uv": [9, 8, 9.5, 10], "texture": "#0"},
				"up": {"uv": [12, 7, 11.5, 6.5], "texture": "#0"},
				"down": {"uv": [12, 7, 11.5, 7.5], "texture": "#0"}
			}
		},
		{
			"from": [5.75, 6, 6],
			"to": [6.25, 9, 6.5],
			"faces": {
				"north": {"uv": [9.5, 8, 10, 9.5], "texture": "#0"},
				"east": {"uv": [8.5, 9.5, 9, 11], "texture": "#0"},
				"south": {"uv": [9.5, 9.5, 10, 11], "texture": "#0"},
				"west": {"uv": [10, 0, 10.5, 1.5], "texture": "#0"},
				"up": {"uv": [6.5, 12, 6, 11.5], "texture": "#0"},
				"down": {"uv": [7, 11.5, 6.5, 12], "texture": "#0"}
			}
		},
		{
			"from": [5.75, 4.75, 7],
			"to": [6.25, 9, 9.25],
			"faces": {
				"north": {"uv": [3.5, 9, 4, 11], "texture": "#0"},
				"east": {"uv": [7.5, 6, 8.5, 8], "texture": "#0"},
				"south": {"uv": [4, 9, 4.5, 11], "texture": "#0"},
				"west": {"uv": [2.5, 8, 3.5, 10], "texture": "#0"},
				"up": {"uv": [7, 11.5, 6.5, 10.5], "texture": "#0"},
				"down": {"uv": [11, 7.5, 10.5, 8.5], "texture": "#0"}
			}
		},
		{
			"from": [6.25, 4.75, 6],
			"to": [9.75, 9, 9.5],
			"faces": {
				"north": {"uv": [0, 0, 2, 2], "texture": "#0"},
				"east": {"uv": [0, 2, 2, 4], "texture": "#0"},
				"south": {"uv": [2, 0, 4, 2], "texture": "#0"},
				"west": {"uv": [2, 2, 4, 4], "texture": "#0"},
				"up": {"uv": [2, 6, 0, 4], "texture": "#0"},
				"down": {"uv": [6, 0, 4, 2], "texture": "#0"}
			}
		},
		{
			"from": [6.25, 4, 9.5],
			"to": [9.75, 8.25, 10],
			"faces": {
				"north": {"uv": [2, 4, 4, 6], "texture": "#0"},
				"east": {"uv": [9.5, 0, 10, 2], "texture": "#0"},
				"south": {"uv": [4, 2, 6, 4], "texture": "#0"},
				"west": {"uv": [1.5, 9.5, 2, 11.5], "texture": "#0"},
				"up": {"uv": [11.5, 2.5, 9.5, 2], "texture": "#0"},
				"down": {"uv": [11.5, 2.5, 9.5, 3], "texture": "#0"}
			}
		},
		{
			"from": [6.75, 3, 10],
			"to": [9.25, 7.5, 10.25],
			"faces": {
				"north": {"uv": [4, 4, 5.5, 6.5], "texture": "#0"},
				"east": {"uv": [8.5, 3, 9, 5.5], "texture": "#0"},
				"south": {"uv": [5.5, 4, 7, 6.5], "texture": "#0"},
				"west": {"uv": [8.5, 5.5, 9, 8], "texture": "#0"},
				"up": {"uv": [12, 1, 10.5, 0.5], "texture": "#0"},
				"down": {"uv": [12, 1, 10.5, 1.5], "texture": "#0"}
			}
		},
		{
			"from": [7, 2.5, 10],
			"to": [9, 3, 10.25],
			"faces": {
				"north": {"uv": [2.5, 11.5, 3.5, 12], "texture": "#0"},
				"east": {"uv": [12.5, 6.5, 13, 7], "texture": "#0"},
				"south": {"uv": [11.5, 2.5, 12.5, 3], "texture": "#0"},
				"west": {"uv": [7, 12.5, 7.5, 13], "texture": "#0"},
				"up": {"uv": [4.5, 12, 3.5, 11.5], "texture": "#0"},
				"down": {"uv": [12.5, 4.5, 11.5, 5], "texture": "#0"}
			}
		},
		{
			"from": [8.15, 3.75, 6.5],
			"to": [9.75, 4.75, 9],
			"faces": {
				"north": {"uv": [3, 6, 4, 6.5], "texture": "#0"},
				"east": {"uv": [10, 9, 11.5, 9.5], "texture": "#0"},
				"south": {"uv": [10.5, 8.5, 11.5, 9], "texture": "#0"},
				"west": {"uv": [10, 9.5, 11.5, 10], "texture": "#0"},
				"up": {"uv": [6, 9.5, 5, 8], "texture": "#0"},
				"down": {"uv": [7, 8, 6, 9.5], "texture": "#0"}
			}
		},
		{
			"from": [8.25, 3.25, 6.75],
			"to": [9.65, 3.75, 8.75],
			"faces": {
				"north": {"uv": [12.5, 0.5, 13, 1], "texture": "#0"},
				"east": {"uv": [11, 3, 12, 3.5], "texture": "#0"},
				"south": {"uv": [1, 12.5, 1.5, 13], "texture": "#0"},
				"west": {"uv": [3.5, 11, 4.5, 11.5], "texture": "#0"},
				"up": {"uv": [1.5, 12, 1, 11], "texture": "#0"},
				"down": {"uv": [2.5, 11, 2, 12], "texture": "#0"}
			}
		},
		{
			"from": [8.5, 2.25, 7.25],
			"to": [9.25, 3.25, 8.25],
			"faces": {
				"north": {"uv": [12.5, 1.5, 13, 2], "texture": "#0"},
				"east": {"uv": [2, 12.5, 2.5, 13], "texture": "#0"},
				"south": {"uv": [12.5, 2, 13, 2.5], "texture": "#0"},
				"west": {"uv": [2.5, 12.5, 3, 13], "texture": "#0"},
				"up": {"uv": [13, 3, 12.5, 2.5], "texture": "#0"},
				"down": {"uv": [3.5, 12.5, 3, 13], "texture": "#0"}
			}
		},
		{
			"from": [8.25, 2, 6],
			"to": [8.75, 2.25, 8.25],
			"faces": {
				"north": {"uv": [12.5, 3, 13, 3.5], "texture": "#0"},
				"east": {"uv": [11, 5.5, 12, 6], "texture": "#0"},
				"south": {"uv": [3.5, 12.5, 4, 13], "texture": "#0"},
				"west": {"uv": [11, 6, 12, 6.5], "texture": "#0"},
				"up": {"uv": [5.5, 12, 5, 11], "texture": "#0"},
				"down": {"uv": [7.5, 11, 7, 12], "texture": "#0"}
			}
		},
		{
			"from": [9, 2, 6.25],
			"to": [9.5, 2.25, 8.25],
			"faces": {
				"north": {"uv": [12.5, 3.5, 13, 4], "texture": "#0"},
				"east": {"uv": [7.5, 11, 8.5, 11.5], "texture": "#0"},
				"south": {"uv": [4, 12.5, 4.5, 13], "texture": "#0"},
				"west": {"uv": [11, 7.5, 12, 8], "texture": "#0"},
				"up": {"uv": [9, 12, 8.5, 11], "texture": "#0"},
				"down": {"uv": [10, 11, 9.5, 12], "texture": "#0"}
			}
		},
		{
			"from": [7.2, 2, 6],
			"to": [7.7, 2.25, 8.25],
			"faces": {
				"north": {"uv": [12.5, 6, 13, 6.5], "texture": "#0"},
				"east": {"uv": [11.5, 1.5, 12.5, 2], "texture": "#0"},
				"south": {"uv": [6.5, 12.5, 7, 13], "texture": "#0"},
				"west": {"uv": [11.5, 2, 12.5, 2.5], "texture": "#0"},
				"up": {"uv": [1, 12.5, 0.5, 11.5], "texture": "#0"},
				"down": {"uv": [2, 11.5, 1.5, 12.5], "texture": "#0"}
			}
		},
		{
			"from": [6.45, 2, 6.25],
			"to": [6.95, 2.25, 8.25],
			"faces": {
				"north": {"uv": [12.5, 5.5, 13, 6], "texture": "#0"},
				"east": {"uv": [11, 8, 12, 8.5], "texture": "#0"},
				"south": {"uv": [6, 12.5, 6.5, 13], "texture": "#0"},
				"west": {"uv": [10, 11, 11, 11.5], "texture": "#0"},
				"up": {"uv": [11.5, 11.5, 11, 10.5], "texture": "#0"},
				"down": {"uv": [0.5, 11.5, 0, 12.5], "texture": "#0"}
			}
		},
		{
			"from": [6.7, 2.25, 7.25],
			"to": [7.45, 3.25, 8.25],
			"faces": {
				"north": {"uv": [12.5, 4, 13, 4.5], "texture": "#0"},
				"east": {"uv": [4.5, 12.5, 5, 13], "texture": "#0"},
				"south": {"uv": [12.5, 4.5, 13, 5], "texture": "#0"},
				"west": {"uv": [5, 12.5, 5.5, 13], "texture": "#0"},
				"up": {"uv": [13, 5.5, 12.5, 5], "texture": "#0"},
				"down": {"uv": [6, 12.5, 5.5, 13], "texture": "#0"}
			}
		},
		{
			"from": [6.35, 3.25, 6.75],
			"to": [7.75, 3.75, 8.75],
			"faces": {
				"north": {"uv": [12.5, 1, 13, 1.5], "texture": "#0"},
				"east": {"uv": [11, 3.5, 12, 4], "texture": "#0"},
				"south": {"uv": [1.5, 12.5, 2, 13], "texture": "#0"},
				"west": {"uv": [11, 4, 12, 4.5], "texture": "#0"},
				"up": {"uv": [5, 12, 4.5, 11], "texture": "#0"},
				"down": {"uv": [11.5, 4.5, 11, 5.5], "texture": "#0"}
			}
		},
		{
			"from": [6.25, 3.75, 6.5],
			"to": [7.85, 4.75, 9],
			"faces": {
				"north": {"uv": [10, 10.5, 11, 11], "texture": "#0"},
				"east": {"uv": [10, 10, 11.5, 10.5], "texture": "#0"},
				"south": {"uv": [0, 11, 1, 11.5], "texture": "#0"},
				"west": {"uv": [10.5, 0, 12, 0.5], "texture": "#0"},
				"up": {"uv": [8, 9.5, 7, 8], "texture": "#0"},
				"down": {"uv": [9, 8, 8, 9.5], "texture": "#0"}
			}
		},
		{
			"from": [6.5, 9, 6],
			"to": [9.5, 12.25, 8.75],
			"faces": {
				"north": {"uv": [0, 6, 1.5, 7.5], "texture": "#0"},
				"east": {"uv": [6, 0, 7.5, 1.5], "texture": "#0"},
				"south": {"uv": [1.5, 6, 3, 7.5], "texture": "#0"},
				"west": {"uv": [6, 1.5, 7.5, 3], "texture": "#0"},
				"up": {"uv": [4.5, 8, 3, 6.5], "texture": "#0"},
				"down": {"uv": [6, 6.5, 4.5, 8], "texture": "#0"}
			}
		},
		{
			"from": [9.5, 11.25, 6.25],
			"to": [9.75, 12, 6.75],
			"faces": {
				"north": {"uv": [10, 12, 10.5, 12.5], "texture": "#0"},
				"east": {"uv": [12, 10, 12.5, 10.5], "texture": "#0"},
				"south": {"uv": [10.5, 12, 11, 12.5], "texture": "#0"},
				"west": {"uv": [12, 10.5, 12.5, 11], "texture": "#0"},
				"up": {"uv": [11.5, 12.5, 11, 12], "texture": "#0"},
				"down": {"uv": [12.5, 11, 12, 11.5], "texture": "#0"}
			}
		},
		{
			"from": [6.25, 11.25, 6.25],
			"to": [6.5, 12, 6.75],
			"faces": {
				"north": {"uv": [11.5, 12, 12, 12.5], "texture": "#0"},
				"east": {"uv": [12, 11.5, 12.5, 12], "texture": "#0"},
				"south": {"uv": [12, 12, 12.5, 12.5], "texture": "#0"},
				"west": {"uv": [0, 12.5, 0.5, 13], "texture": "#0"},
				"up": {"uv": [13, 0.5, 12.5, 0], "texture": "#0"},
				"down": {"uv": [1, 12.5, 0.5, 13], "texture": "#0"}
			}
		},
		{
			"from": [9.5, 9, 6],
			"to": [9.75, 9.75, 9],
			"faces": {
				"north": {"uv": [9, 12, 9.5, 12.5], "texture": "#0"},
				"east": {"uv": [10, 1.5, 11.5, 2], "texture": "#0"},
				"south": {"uv": [12, 9, 12.5, 9.5], "texture": "#0"},
				"west": {"uv": [5.5, 10, 7, 10.5], "texture": "#0"},
				"up": {"uv": [3, 11.5, 2.5, 10], "texture": "#0"},
				"down": {"uv": [3.5, 10, 3, 11.5], "texture": "#0"}
			}
		},
		{
			"from": [6.25, 9, 6],
			"to": [6.5, 9.75, 9],
			"faces": {
				"north": {"uv": [9.5, 12, 10, 12.5], "texture": "#0"},
				"east": {"uv": [10, 6.5, 11.5, 7], "texture": "#0"},
				"south": {"uv": [12, 9.5, 12.5, 10], "texture": "#0"},
				"west": {"uv": [10, 7, 11.5, 7.5], "texture": "#0"},
				"up": {"uv": [10.5, 9, 10, 7.5], "texture": "#0"},
				"down": {"uv": [9.5, 10, 9, 11.5], "texture": "#0"}
			}
		},
		{
			"from": [7.5, 10.5, 5.5],
			"to": [8.5, 11, 6],
			"faces": {
				"north": {"uv": [7.5, 11.5, 8, 12], "texture": "#0"},
				"east": {"uv": [8, 11.5, 8.5, 12], "texture": "#0"},
				"south": {"uv": [11.5, 8.5, 12, 9], "texture": "#0"},
				"west": {"uv": [9, 11.5, 9.5, 12], "texture": "#0"},
				"up": {"uv": [12, 9.5, 11.5, 9], "texture": "#0"},
				"down": {"uv": [12, 9.5, 11.5, 10], "texture": "#0"}
			}
		},
		{
			"from": [7.5, 10.75, 5.25],
			"to": [8.5, 11, 5.5],
			"faces": {
				"north": {"uv": [7.5, 12, 8, 12.5], "texture": "#0"},
				"east": {"uv": [12, 7.5, 12.5, 8], "texture": "#0"},
				"south": {"uv": [8, 12, 8.5, 12.5], "texture": "#0"},
				"west": {"uv": [12, 8, 12.5, 8.5], "texture": "#0"},
				"up": {"uv": [9, 12.5, 8.5, 12], "texture": "#0"},
				"down": {"uv": [12.5, 8.5, 12, 9], "texture": "#0"}
			}
		},
		{
			"from": [7.5, 11.25, 5.25],
			"to": [8.5, 11.75, 6],
			"faces": {
				"north": {"uv": [10, 11.5, 10.5, 12], "texture": "#0"},
				"east": {"uv": [11.5, 10, 12, 10.5], "texture": "#0"},
				"south": {"uv": [10.5, 11.5, 11, 12], "texture": "#0"},
				"west": {"uv": [11.5, 10.5, 12, 11], "texture": "#0"},
				"up": {"uv": [11.5, 12, 11, 11.5], "texture": "#0"},
				"down": {"uv": [12, 11, 11.5, 11.5], "texture": "#0"}
			}
		},
		{
			"from": [7.5, 11.25, 4.75],
			"to": [8.5, 11.5, 5.25],
			"faces": {
				"north": {"uv": [11.5, 11.5, 12, 12], "texture": "#0"},
				"east": {"uv": [12, 0, 12.5, 0.5], "texture": "#0"},
				"south": {"uv": [12, 0.5, 12.5, 1], "texture": "#0"},
				"west": {"uv": [1, 12, 1.5, 12.5], "texture": "#0"},
				"up": {"uv": [12.5, 1.5, 12, 1], "texture": "#0"},
				"down": {"uv": [2.5, 12, 2, 12.5], "texture": "#0"}
			}
		},
		{
			"from": [7.75, 10.9, 4.75],
			"to": [8.25, 11.25, 5],
			"faces": {
				"north": {"uv": [2.5, 12, 3, 12.5], "texture": "#0"},
				"east": {"uv": [3, 12, 3.5, 12.5], "texture": "#0"},
				"south": {"uv": [12, 3, 12.5, 3.5], "texture": "#0"},
				"west": {"uv": [3.5, 12, 4, 12.5], "texture": "#0"},
				"up": {"uv": [12.5, 4, 12, 3.5], "texture": "#0"},
				"down": {"uv": [4.5, 12, 4, 12.5], "texture": "#0"}
			}
		},
		{
			"from": [7.75, 11.5, 5],
			"to": [8.25, 11.75, 5.25],
			"faces": {
				"north": {"uv": [12, 4, 12.5, 4.5], "texture": "#0"},
				"east": {"uv": [4.5, 12, 5, 12.5], "texture": "#0"},
				"south": {"uv": [5, 12, 5.5, 12.5], "texture": "#0"},
				"west": {"uv": [12, 5, 12.5, 5.5], "texture": "#0"},
				"up": {"uv": [6, 12.5, 5.5, 12], "texture": "#0"},
				"down": {"uv": [12.5, 5.5, 12, 6], "texture": "#0"}
			}
		},
		{
			"from": [7.75, 11.75, 5.75],
			"to": [8.25, 12, 6],
			"faces": {
				"north": {"uv": [6, 12, 6.5, 12.5], "texture": "#0"},
				"east": {"uv": [12, 6, 12.5, 6.5], "texture": "#0"},
				"south": {"uv": [6.5, 12, 7, 12.5], "texture": "#0"},
				"west": {"uv": [12, 6.5, 12.5, 7], "texture": "#0"},
				"up": {"uv": [7.5, 12.5, 7, 12], "texture": "#0"},
				"down": {"uv": [12.5, 7, 12, 7.5], "texture": "#0"}
			}
		},
		{
			"from": [6.5, 9, 8.75],
			"to": [9.5, 11.5, 9],
			"faces": {
				"north": {"uv": [7, 4.5, 8.5, 6], "texture": "#0"},
				"east": {"uv": [2, 9.5, 2.5, 11], "texture": "#0"},
				"south": {"uv": [0, 7.5, 1.5, 9], "texture": "#0"},
				"west": {"uv": [5, 9.5, 5.5, 11], "texture": "#0"},
				"up": {"uv": [11, 5.5, 9.5, 5], "texture": "#0"},
				"down": {"uv": [7, 9.5, 5.5, 10], "texture": "#0"}
			}
		},
		{
			"from": [6.5, 9, 9],
			"to": [9.5, 10.5, 9.25],
			"faces": {
				"north": {"uv": [7.5, 2, 9, 3], "texture": "#0"},
				"east": {"uv": [5.5, 10.5, 6, 11.5], "texture": "#0"},
				"south": {"uv": [3.5, 8, 5, 9], "texture": "#0"},
				"west": {"uv": [6, 10.5, 6.5, 11.5], "texture": "#0"},
				"up": {"uv": [11, 6, 9.5, 5.5], "texture": "#0"},
				"down": {"uv": [11, 6, 9.5, 6.5], "texture": "#0"}
			}
		},
		{
			"from": [6.75, 12.25, 6],
			"to": [9.25, 12.75, 8.5],
			"faces": {
				"north": {"uv": [9.5, 3, 11, 3.5], "texture": "#0"},
				"east": {"uv": [9.5, 3.5, 11, 4], "texture": "#0"},
				"south": {"uv": [9.5, 4, 11, 4.5], "texture": "#0"},
				"west": {"uv": [9.5, 4.5, 11, 5], "texture": "#0"},
				"up": {"uv": [7.5, 8, 6, 6.5], "texture": "#0"},
				"down": {"uv": [8.5, 3, 7, 4.5], "texture": "#0"}
			}
		}
	],
	"display": {
		"thirdperson_righthand": {
			"rotation": [0, 90, 0],
			"translation": [0.5, -1, -2.25]
		},
		"thirdperson_lefthand": {
			"rotation": [0, 90, 0],
			"translation": [0.5, -1, -2.25]
		},
		"firstperson_righthand": {
			"rotation": [0, 136, 0],
			"translation": [2.25, 2.75, 0]
		},
		"firstperson_lefthand": {
			"rotation": [0, 136, 0],
			"translation": [2.25, 2.75, 0]
		},
		"ground": {
			"translation": [0, 2.5, 0]
		},
		"gui": {
			"rotation": [13, -130, 0],
			"translation": [0, 0.75, 0]
		},
		"head": {
			"translation": [0.25, -21, 2.75],
			"scale": [4, 4, 4]
		},
		"fixed": {
			"translation": [0, -0.25, -1.25]
		}
	}
}